id,created_at,updated_at,customer_id,order_total,payment_method,order_status
1,2021-04-01 01:34:03,2023-08-01 21:20:21,200,3255.9800000000005,bank_transfer,refunded
2,2020-05-19 19:01:03,2023-08-02 02:22:42,101,51.86,credit_card,rejected
3,2020-07-21 14:59:14,2023-08-03 20:14:54,361,3395.3500000000004,bank_transfer,rejected
4,2020-03-25 01:11:59,2023-08-01 22:53:04,245,486.29,credit_card,delivered
5,2021-07-30 10:14:21,2023-08-01 09:27:52,252,1214.97,bank_transfer,refunded
6,2022-06-27 04:10:34,2023-08-02 01:25:24,58,1438.13,credit_card,rejected
7,2023-03-16 14:18:02,2023-08-01 10:20:11,408,619.02,credit_card,delivered
8,2020-12-27 01:45:11,2023-08-04 13:19:38,353,2620.01,credit_card,delivered
9,2022-09-06 23:29:51,2023-08-02 02:48:23,286,859.6200000000001,credit_card,delivered
10,2022-11-11 00:56:24,2023-08-04 01:53:21,289,1114.6399999999999,bank_transfer,rejected
11,2022-06-24 04:34:27,2023-08-03 07:00:44,418,4040.85,paypal,refunded
12,2021-04-15 03:41:40,2023-08-03 21:32:24,155,2643.93,paypal,refunded
13,2023-05-31 09:39:38,2023-08-01 07:50:43,370,1710.6299999999999,credit_card,delivered
14,2020-04-21 10:26:38,2023-08-02 00:48:43,430,1791.09,credit_card,rejected
15,2022-02-09 09:09:59,2023-08-03 04:22:29,444,1596.12,credit_card,accepted
16,2020-08-22 21:49:56,2023-08-03 12:12:42,177,1931.1000000000001,credit_card,delivered
17,2020-02-12 07:51:34,2023-08-02 08:51:21,10,2576.0899999999997,credit_card,delivered
18,2020-12-18 09:12:03,2023-08-01 02:31:41,298,981.6800000000001,credit_card,refunded
19,2021-04-24 22:39:24,2023-08-03 03:01:47,241,2084.94,credit_card,refunded
20,2022-09-09 12:18:36,2023-08-03 01:53:59,55,1310.8,paypal,rejected
21,2022-02-18 05:57:34,2023-08-04 06:48:59,43,1069.84,paypal,delivered
22,2020-01-15 13:09:28,2023-08-03 10:57:04,27,1612.95,paypal,delivered
23,2023-07-09 17:04:15,2023-08-04 01:50:46,168,581.0799999999999,credit_card,accepted
24,2020-07-18 23:19:49,2023-08-02 15:47:54,298,1703.87,bank_transfer,rejected
25,2022-05-12 18:39:48,2023-08-01 18:55:29,7,2671.8,credit_card,pending
26,2020-07-30 15:00:21,2023-08-01 10:39:26,231,3220.3499999999995,paypal,refunded
27,2020-08-01 00:24:03,2023-08-03 03:02:11,172,1738.08,paypal,rejected
28,2020-05-27 07:06:15,2023-08-03 22:04:30,258,2155.29,bank_transfer,refunded
29,2023-01-08 00:57:45,2023-08-01 03:09:00,398,3921.53,bank_transfer,refunded
30,2022-10-19 10:52:43,2023-08-02 09:37:23,165,1543.72,credit_card,delivered
31,2022-07-02 02:09:44,2023-08-02 13:50:16,276,2771.24,credit_card,rejected
32,2021-02-20 05:39:21,2023-08-04 02:32:30,487,4293.0,credit_card,rejected
33,2023-05-19 00:17:02,2023-08-01 04:01:40,110,168.26,bank_transfer,rejected
34,2022-02-02 23:11:48,2023-08-01 19:02:43,166,594.76,paypal,delivered
35,2023-01-05 23:00:02,2023-08-01 15:38:59,85,2442.5299999999997,paypal,refunded
36,2021-06-30 08:52:12,2023-08-01 09:28:26,229,3554.9700000000003,paypal,rejected
37,2021-08-14 06:34:56,2023-08-01 19:21:37,151,3351.0600000000004,paypal,accepted
38,2020-02-15 18:35:17,2023-08-01 12:48:22,493,352.38,paypal,rejected
39,2022-03-09 06:01:11,2023-08-02 21:49:48,307,5573.56,credit_card,rejected
40,2022-12-02 05:07:35,2023-08-03 15:26:36,85,273.84000000000003,bank_transfer,accepted
41,2021-07-25 11:25:08,2023-08-01 19:19:08,26,911.64,paypal,refunded
42,2021-11-12 17:08:58,2023-08-02 15:07:04,71,2276.25,bank_transfer,accepted
43,2021-08-02 13:17:15,2023-08-03 13:17:40,312,1316.8400000000001,credit_card,refunded
44,2021-01-04 23:40:08,2023-08-03 08:14:19,209,617.63,bank_transfer,accepted
45,2021-09-14 12:36:15,2023-08-01 20:27:19,177,6659.42,paypal,refunded
46,2020-09-08 18:58:04,2023-08-01 01:25:10,146,1714.0400000000002,bank_transfer,refunded
47,2020-06-04 22:49:02,2023-08-01 12:23:45,283,2876.1299999999997,credit_card,delivered
48,2020-06-11 01:17:10,2023-08-03 21:51:12,124,458.8,bank_transfer,accepted
49,2022-04-07 09:16:08,2023-08-01 09:07:25,277,2206.86,paypal,delivered
50,2023-05-05 06:38:03,2023-08-04 03:12:30,205,1641.21,credit_card,accepted
51,2022-10-16 08:15:07,2023-08-02 10:55:56,253,572.5400000000001,bank_transfer,accepted
52,2022-07-20 21:16:55,2023-08-04 06:50:08,466,117.82,bank_transfer,pending
53,2021-09-11 17:01:12,2023-08-04 12:03:52,130,6040.59,paypal,accepted
54,2021-07-25 08:47:44,2023-08-01 19:59:53,28,2673.8199999999997,paypal,accepted
55,2020-03-24 11:13:04,2023-08-01 10:07:14,446,1305.0,paypal,rejected
56,2021-07-18 04:29:15,2023-08-04 03:56:34,358,3312.11,bank_transfer,pending
57,2022-04-06 01:36:09,2023-08-02 00:38:22,495,2471.27,credit_card,delivered
58,2021-02-15 09:15:22,2023-08-03 02:19:56,93,3282.21,credit_card,refunded
59,2021-03-22 08:03:51,2023-08-04 09:21:36,330,1454.5500000000002,credit_card,refunded
60,2023-07-22 07:46:38,2023-08-04 01:05:29,109,2190.5099999999998,credit_card,rejected
61,2021-05-13 05:40:44,2023-08-01 18:32:28,284,3712.5100000000007,bank_transfer,rejected
62,2020-10-26 23:42:15,2023-08-04 07:42:21,412,5203.2,credit_card,delivered
63,2022-11-15 22:01:26,2023-08-04 09:32:03,371,703.84,bank_transfer,refunded
64,2022-05-21 00:56:57,2023-08-04 07:15:44,184,3232.08,credit_card,pending
65,2021-02-27 05:59:51,2023-08-01 21:25:27,34,315.74,credit_card,accepted
66,2020-06-10 19:59:27,2023-08-03 06:00:39,318,1877.73,credit_card,delivered
67,2020-09-17 23:27:45,2023-08-02 03:46:33,177,3925.2900000000004,credit_card,rejected
68,2022-11-12 03:14:30,2023-08-03 20:49:44,467,3228.3,paypal,accepted
69,2020-12-07 08:16:41,2023-08-03 11:34:19,287,374.79999999999995,bank_transfer,rejected
70,2023-07-14 16:31:32,2023-08-03 05:22:31,441,4112.58,credit_card,delivered
71,2022-06-05 06:05:03,2023-08-02 07:38:36,497,1388.4,bank_transfer,pending
72,2022-02-17 02:28:32,2023-08-03 01:18:07,141,984.23,credit_card,refunded
73,2021-11-24 01:16:13,2023-08-03 15:11:12,273,2681.04,credit_card,pending
74,2023-03-29 03:15:15,2023-08-01 00:21:09,349,751.86,credit_card,delivered
75,2020-02-15 15:44:39,2023-08-04 06:51:57,111,842.56,paypal,refunded
76,2021-10-19 22:13:50,2023-08-01 02:03:24,220,1682.68,paypal,refunded
77,2022-08-14 16:05:16,2023-08-03 22:51:51,319,908.2900000000002,paypal,delivered
78,2021-12-01 18:32:59,2023-08-03 01:33:56,491,3095.6899999999996,credit_card,pending
79,2020-02-11 08:47:44,2023-08-01 19:35:20,202,399.85,bank_transfer,rejected
80,2020-06-04 18:46:09,2023-08-03 01:32:21,189,4389.72,bank_transfer,rejected
81,2021-02-01 14:30:52,2023-08-01 16:42:00,447,684.55,paypal,refunded
82,2021-04-29 08:32:19,2023-08-03 04:34:28,316,1948.8,bank_transfer,pending
83,2020-05-12 21:41:19,2023-08-02 08:51:49,259,1131.32,credit_card,rejected
84,2021-01-12 11:53:19,2023-08-04 04:25:25,171,1578.78,bank_transfer,refunded
85,2022-11-03 02:23:27,2023-08-01 17:11:39,437,1321.03,bank_transfer,delivered
86,2021-12-20 05:19:33,2023-08-02 22:11:36,21,2789.6,credit_card,pending
87,2022-06-25 16:32:20,2023-08-02 15:44:03,254,5040.639999999999,paypal,refunded
88,2022-08-07 21:29:14,2023-08-04 02:55:15,72,4429.09,bank_transfer,pending
89,2022-08-29 02:40:59,2023-08-02 10:00:43,87,4286.490000000001,bank_transfer,accepted
90,2020-01-27 17:09:15,2023-08-02 15:05:20,94,1862.1499999999999,paypal,refunded
91,2021-10-11 23:35:05,2023-08-03 14:31:19,204,4575.389999999999,credit_card,accepted
92,2020-10-06 23:56:59,2023-08-02 20:24:12,498,346.83000000000004,paypal,pending
93,2020-10-03 22:52:24,2023-08-01 19:24:55,412,2981.31,credit_card,pending
94,2021-03-22 07:33:25,2023-08-02 08:26:16,119,350.54,credit_card,rejected
95,2020-09-19 23:53:27,2023-08-03 02:34:29,62,5504.4800000000005,bank_transfer,accepted
96,2023-07-04 23:34:55,2023-08-01 19:45:05,10,3041.07,bank_transfer,accepted
97,2022-03-29 18:52:56,2023-08-01 19:56:08,399,826.71,paypal,refunded
98,2023-03-06 00:24:12,2023-08-01 07:05:42,467,3451.5200000000004,credit_card,delivered
99,2021-05-17 09:40:50,2023-08-04 00:10:48,476,2658.19,paypal,refunded
100,2021-10-27 11:53:37,2023-08-01 10:50:46,421,572.8,credit_card,accepted
101,2022-12-24 08:05:06,2023-08-01 04:50:02,54,3555.8499999999995,paypal,rejected
102,2021-05-18 22:33:22,2023-08-01 17:49:17,166,1025.16,credit_card,delivered
103,2021-02-01 12:11:39,2023-08-03 21:30:31,188,346.0,credit_card,rejected
104,2021-03-10 17:18:04,2023-08-04 14:10:25,361,525.32,credit_card,delivered
105,2022-09-17 13:29:06,2023-08-02 11:32:45,191,2151.01,credit_card,accepted
106,2020-12-09 23:39:32,2023-08-02 13:58:28,317,3569.01,paypal,accepted
107,2020-04-29 01:10:35,2023-08-03 06:19:49,272,770.68,paypal,pending
108,2020-09-01 20:01:53,2023-08-03 00:50:32,164,2848.83,paypal,pending
109,2020-10-18 23:01:08,2023-08-03 21:21:10,288,2085.18,bank_transfer,rejected
110,2020-09-01 21:51:51,2023-08-03 01:45:28,164,2410.3799999999997,credit_card,refunded
111,2021-12-23 08:37:51,2023-08-02 16:03:16,489,1867.62,paypal,rejected
112,2022-11-08 01:37:58,2023-08-03 04:03:42,94,1618.48,paypal,pending
113,2023-02-14 09:35:20,2023-08-02 04:49:38,367,2732.3900000000003,paypal,accepted
114,2021-06-05 14:52:04,2023-08-04 15:46:33,354,1276.8,paypal,rejected
115,2022-08-12 10:38:46,2023-08-03 10:12:13,18,2482.82,paypal,rejected
116,2020-08-08 06:31:46,2023-08-01 09:05:04,359,5635.5599999999995,credit_card,pending
117,2022-06-04 19:02:52,2023-08-01 14:29:35,482,4711.83,bank_transfer,refunded
118,2023-04-23 17:35:38,2023-08-02 05:55:28,48,4347.18,paypal,accepted
119,2020-12-07 17:02:24,2023-08-01 23:47:09,217,85.12,credit_card,delivered
120,2020-08-01 23:15:05,2023-08-01 15:03:29,287,2090.8199999999997,paypal,accepted
121,2023-06-08 22:04:04,2023-08-02 13:53:07,72,2231.3,paypal,delivered
122,2021-07-05 07:21:38,2023-08-01 21:30:26,259,2670.67,paypal,accepted
123,2020-10-06 11:28:45,2023-08-02 12:57:38,249,1561.49,bank_transfer,pending
124,2021-09-05 19:19:36,2023-08-03 20:20:49,148,4365.15,bank_transfer,refunded
125,2022-07-23 12:17:08,2023-08-01 17:34:41,411,125.54,bank_transfer,rejected
126,2022-07-03 15:03:19,2023-08-01 03:11:12,76,2429.56,bank_transfer,rejected
127,2023-06-14 08:28:08,2023-08-02 23:19:03,472,2888.34,credit_card,pending
128,2022-01-05 02:58:02,2023-08-01 13:42:44,108,2440.59,credit_card,accepted
129,2022-03-20 16:45:16,2023-08-01 12:19:08,276,2910.63,paypal,accepted
130,2023-01-01 07:12:56,2023-08-03 20:31:31,326,1185.54,bank_transfer,accepted
131,2022-06-02 22:31:46,2023-08-04 14:56:22,476,1427.44,paypal,rejected
132,2022-01-10 10:05:16,2023-08-03 23:10:05,410,1597.09,credit_card,refunded
133,2020-08-16 16:34:39,2023-08-02 08:29:34,166,6934.02,credit_card,refunded
134,2021-09-13 04:12:09,2023-08-02 07:03:30,46,3349.0299999999997,paypal,pending
135,2020-01-10 05:15:04,2023-08-03 10:49:40,387,2415.19,paypal,pending
136,2021-10-24 07:04:11,2023-08-04 00:52:44,194,3087.58,bank_transfer,accepted
137,2020-01-07 21:33:36,2023-08-02 16:15:04,40,1622.64,paypal,accepted
138,2022-03-17 04:34:22,2023-08-04 06:34:27,344,2158.13,paypal,delivered
139,2021-05-18 15:43:01,2023-08-02 01:28:45,69,3517.87,paypal,pending
140,2021-07-14 14:18:54,2023-08-01 08:51:52,348,2043.25,bank_transfer,pending
141,2020-09-24 02:04:47,2023-08-03 01:34:19,125,3604.71,bank_transfer,rejected
142,2021-02-27 23:50:31,2023-08-03 14:33:58,133,934.5799999999999,bank_transfer,refunded
143,2022-07-18 07:05:47,2023-08-04 14:56:06,225,1856.4599999999998,credit_card,pending
144,2022-03-02 22:33:53,2023-08-01 10:40:25,315,3088.94,bank_transfer,refunded
145,2020-08-04 13:52:35,2023-08-02 17:15:53,99,3784.61,bank_transfer,accepted
146,2020-03-29 17:55:01,2023-08-01 21:51:25,180,2695.18,credit_card,delivered
147,2021-12-28 00:11:14,2023-08-03 15:48:55,81,3591.93,bank_transfer,delivered
148,2023-08-04 10:36:38,2023-08-03 02:12:19,138,277.56,paypal,accepted
149,2020-09-08 15:59:33,2023-08-01 08:36:09,198,2514.3499999999995,bank_transfer,rejected
150,2021-04-04 08:46:30,2023-08-01 11:44:54,431,1298.77,paypal,delivered
151,2023-01-11 22:38:01,2023-08-02 18:20:57,128,1857.81,paypal,pending
152,2020-06-21 13:15:09,2023-08-03 23:45:40,36,3233.67,bank_transfer,delivered
153,2022-05-20 16:27:14,2023-08-04 05:03:30,489,3928.56,credit_card,rejected
154,2022-02-16 08:40:55,2023-08-01 04:02:20,164,2479.71,paypal,rejected
155,2020-04-24 01:37:23,2023-08-03 17:51:06,372,2391.9500000000003,paypal,accepted
156,2022-02-24 19:26:39,2023-08-04 02:19:55,280,2151.62,bank_transfer,refunded
157,2020-10-12 01:47:07,2023-08-03 13:46:52,92,443.12,bank_transfer,refunded
158,2021-09-18 09:10:01,2023-08-03 10:00:46,154,4481.45,paypal,refunded
159,2021-07-25 03:10:00,2023-08-03 23:28:44,115,2653.61,paypal,pending
160,2022-04-08 07:32:33,2023-08-01 13:56:35,71,2371.8399999999997,credit_card,rejected
161,2021-08-25 22:44:02,2023-08-04 15:30:44,9,1809.6999999999998,paypal,accepted
162,2023-04-18 14:34:58,2023-08-02 18:30:03,245,1976.0,credit_card,accepted
163,2022-08-29 10:15:43,2023-08-02 04:29:44,210,3387.34,paypal,refunded
164,2022-10-19 15:15:13,2023-08-01 07:11:23,273,2483.0899999999997,bank_transfer,pending
165,2022-11-14 03:35:52,2023-08-04 12:07:47,30,3287.03,credit_card,pending
166,2021-11-21 10:17:41,2023-08-01 23:17:37,410,2259.9700000000003,bank_transfer,rejected
167,2021-01-22 11:48:53,2023-08-02 19:52:03,315,3307.8599999999997,bank_transfer,refunded
168,2022-11-30 07:01:42,2023-08-01 02:20:20,85,864.69,bank_transfer,rejected
169,2020-12-30 17:25:43,2023-08-02 08:39:58,160,649.1199999999999,paypal,delivered
170,2022-09-22 06:03:37,2023-08-03 16:42:37,19,890.0,credit_card,rejected
171,2020-09-01 19:10:35,2023-08-03 07:36:28,453,1089.8999999999999,credit_card,delivered
172,2020-06-20 01:40:32,2023-08-02 17:05:58,133,2963.34,paypal,rejected
173,2023-01-29 04:17:57,2023-08-02 09:10:14,187,1360.33,paypal,accepted
174,2021-07-19 13:06:07,2023-08-03 14:13:12,294,1070.0900000000001,bank_transfer,accepted
175,2021-12-03 19:57:47,2023-08-04 09:14:47,228,3216.2,bank_transfer,rejected
176,2020-01-30 19:09:44,2023-08-01 00:48:04,245,2402.21,paypal,accepted
177,2021-06-13 23:23:09,2023-08-01 11:09:24,249,273.82,credit_card,pending
178,2021-05-21 04:11:13,2023-08-03 07:40:40,112,4044.4700000000003,bank_transfer,delivered
179,2023-07-06 18:26:38,2023-08-03 18:02:25,301,3653.4700000000003,bank_transfer,rejected
180,2021-02-09 19:39:53,2023-08-03 06:06:34,454,192.28,credit_card,accepted
181,2022-11-15 10:39:33,2023-08-04 03:24:41,137,689.91,paypal,delivered
182,2021-01-26 00:01:22,2023-08-01 20:11:19,242,2718.88,bank_transfer,rejected
183,2023-01-26 02:21:35,2023-08-04 09:58:57,399,3106.63,paypal,rejected
184,2023-06-22 02:41:40,2023-08-04 01:00:25,215,2808.75,paypal,rejected
185,2020-07-20 06:19:37,2023-08-02 11:41:05,393,193.74,bank_transfer,refunded
186,2022-06-29 20:39:32,2023-08-01 19:54:41,110,1593.3700000000001,paypal,pending
187,2023-01-16 23:53:45,2023-08-04 02:19:46,242,1019.14,credit_card,rejected
188,2023-05-29 16:24:19,2023-08-01 16:44:13,299,1385.3699999999997,bank_transfer,delivered
189,2020-06-05 05:44:44,2023-08-01 10:24:56,500,1095.73,credit_card,refunded
190,2022-08-05 23:16:24,2023-08-02 14:03:50,118,2905.2200000000003,bank_transfer,delivered
191,2022-10-23 13:54:21,2023-08-03 07:04:12,225,2721.7400000000002,credit_card,refunded
192,2022-04-17 03:37:48,2023-08-01 14:54:15,387,817.26,paypal,rejected
193,2020-06-15 22:38:34,2023-08-02 09:09:19,469,2050.56,paypal,delivered
194,2022-03-10 00:21:31,2023-08-01 10:39:28,379,3389.4600000000005,paypal,delivered
195,2020-05-22 15:04:25,2023-08-01 08:52:12,171,580.23,credit_card,rejected
196,2022-07-23 05:09:24,2023-08-02 22:14:51,41,2488.7799999999997,credit_card,refunded
197,2020-06-24 23:44:17,2023-08-03 19:11:08,70,1014.7,credit_card,refunded
198,2022-10-13 10:54:06,2023-08-02 21:16:33,322,608.63,bank_transfer,refunded
199,2020-12-12 01:16:38,2023-08-01 04:32:55,406,1383.08,bank_transfer,delivered
200,2023-07-12 20:52:07,2023-08-01 11:19:51,397,2098.98,credit_card,refunded
201,2020-09-22 22:45:19,2023-08-01 09:25:18,391,447.71,paypal,refunded
202,2021-08-15 22:12:11,2023-08-02 05:02:45,485,56.32,paypal,pending
203,2021-03-15 19:24:26,2023-08-02 21:12:38,193,4392.08,paypal,accepted
204,2020-12-08 15:14:00,2023-08-02 08:32:59,471,2265.3599999999997,bank_transfer,refunded
205,2021-11-10 19:05:37,2023-08-03 05:19:47,138,3741.1599999999994,paypal,refunded
206,2022-01-29 14:24:59,2023-08-02 17:40:53,369,2599.71,bank_transfer,accepted
207,2023-03-08 08:19:49,2023-08-02 08:49:50,332,1668.38,credit_card,accepted
208,2021-04-26 20:01:24,2023-08-03 13:32:31,6,372.29999999999995,paypal,pending
209,2022-07-13 16:28:58,2023-08-04 04:00:09,315,1497.42,paypal,rejected
210,2021-01-05 10:35:37,2023-08-01 11:23:26,336,183.36,bank_transfer,pending
211,2020-07-26 21:26:40,2023-08-03 03:32:55,320,3280.1,credit_card,accepted
212,2020-01-27 11:11:53,2023-08-03 16:57:02,69,891.2,paypal,delivered
213,2022-04-28 16:56:49,2023-08-04 09:50:39,54,1292.4,paypal,accepted
214,2020-04-10 03:50:13,2023-08-02 11:55:25,82,3003.37,credit_card,refunded
215,2021-08-24 03:34:38,2023-08-04 04:09:00,21,784.71,paypal,pending
216,2022-10-02 17:25:13,2023-08-02 17:57:26,250,1906.77,paypal,refunded
217,2023-01-11 20:29:28,2023-08-03 22:37:50,445,4554.98,credit_card,rejected
218,2022-11-07 05:10:55,2023-08-01 10:54:52,458,2973.7,paypal,rejected
219,2023-05-23 21:37:48,2023-08-04 04:53:09,421,1844.72,paypal,delivered
220,2020-06-10 08:05:03,2023-08-02 02:03:18,472,1033.95,credit_card,rejected
221,2022-03-11 00:42:09,2023-08-02 14:51:00,105,2428.92,credit_card,pending
222,2021-01-16 05:29:37,2023-08-04 05:08:26,400,1045.07,credit_card,accepted
223,2020-03-27 13:30:15,2023-08-03 02:05:18,391,3058.67,credit_card,rejected
224,2021-05-25 11:00:16,2023-08-03 16:01:04,60,2818.5,paypal,refunded
225,2023-02-28 11:58:40,2023-08-02 23:30:10,387,1624.51,paypal,rejected
226,2022-06-18 19:35:21,2023-08-01 12:09:06,215,2097.78,bank_transfer,delivered
227,2023-06-15 18:51:14,2023-08-04 07:49:09,164,2726.7799999999997,credit_card,refunded
228,2023-04-18 12:25:48,2023-08-02 22:17:13,336,3313.58,bank_transfer,accepted
229,2020-08-28 21:25:45,2023-08-03 02:14:52,180,130.07,paypal,rejected
230,2020-01-13 18:24:38,2023-08-01 04:04:15,201,1523.27,paypal,delivered
231,2022-01-03 11:59:18,2023-08-03 00:30:30,338,1859.5400000000002,credit_card,rejected
232,2020-03-31 23:19:50,2023-08-04 08:23:00,152,2024.6299999999999,bank_transfer,rejected
233,2021-11-12 08:18:16,2023-08-03 16:31:59,116,3523.1599999999994,bank_transfer,pending
234,2022-10-19 17:56:22,2023-08-04 00:30:05,252,2038.12,credit_card,accepted
235,2022-10-02 13:11:53,2023-08-03 05:53:41,230,1083.53,paypal,rejected
236,2020-09-23 06:10:32,2023-08-03 02:23:16,360,1555.1599999999999,credit_card,accepted
237,2020-02-20 13:30:46,2023-08-01 23:52:58,140,3780.8599999999997,bank_transfer,rejected
238,2020-08-23 22:16:25,2023-08-04 07:29:52,499,136.32,credit_card,refunded
239,2023-04-22 23:48:52,2023-08-04 13:48:20,86,3329.1099999999997,credit_card,pending
240,2020-08-21 00:31:15,2023-08-03 18:52:04,269,1869.06,paypal,pending
241,2021-08-25 19:15:49,2023-08-02 06:24:30,426,1262.87,bank_transfer,refunded
242,2021-06-03 11:59:14,2023-08-03 15:42:11,171,3839.91,credit_card,pending
243,2021-06-07 20:11:19,2023-08-01 03:20:31,111,278.25,credit_card,pending
244,2022-10-01 09:39:58,2023-08-01 18:56:16,492,2020.17,paypal,delivered
245,2020-01-13 02:39:44,2023-08-03 16:31:15,6,702.36,credit_card,refunded
246,2023-03-04 07:53:00,2023-08-01 14:46:03,212,1579.4299999999998,paypal,delivered
247,2022-08-04 07:14:36,2023-08-02 05:25:07,183,984.6899999999999,bank_transfer,pending
248,2020-01-05 22:58:45,2023-08-04 12:51:00,123,2365.3500000000004,paypal,refunded
249,2020-03-27 22:47:47,2023-08-04 03:25:41,142,1590.68,credit_card,pending
250,2022-06-04 04:05:16,2023-08-02 11:41:00,242,614.61,credit_card,delivered
251,2022-11-05 17:55:07,2023-08-03 09:10:01,254,5715.829999999999,credit_card,delivered
252,2020-03-13 00:10:25,2023-08-02 00:34:56,150,2218.4700000000003,credit_card,delivered
253,2022-12-15 07:48:04,2023-08-03 20:41:59,427,4174.66,bank_transfer,delivered
254,2023-04-24 16:12:19,2023-08-01 20:22:50,170,433.53000000000003,paypal,refunded
255,2022-06-03 22:19:08,2023-08-01 01:45:40,25,2211.24,credit_card,accepted
256,2021-09-04 13:55:11,2023-08-03 15:40:25,459,5077.55,bank_transfer,refunded
257,2020-04-23 18:29:43,2023-08-04 06:15:07,471,1792.9800000000002,credit_card,rejected
258,2023-01-24 13:18:01,2023-08-02 20:33:40,350,248.56,credit_card,pending
259,2020-11-23 12:32:06,2023-08-03 06:16:46,106,2244.4,paypal,rejected
260,2021-01-06 12:48:48,2023-08-02 16:03:32,295,936.48,credit_card,pending
261,2023-07-16 15:25:13,2023-08-04 09:22:21,107,158.4,bank_transfer,refunded
262,2021-02-16 04:50:02,2023-08-01 13:44:29,227,865.3600000000001,bank_transfer,rejected
263,2021-01-01 22:10:23,2023-08-03 06:15:14,106,3445.83,paypal,refunded
264,2020-12-02 12:45:35,2023-08-02 05:52:40,167,638.66,credit_card,delivered
265,2022-06-20 23:14:48,2023-08-03 21:10:47,421,1888.1599999999999,credit_card,rejected
266,2021-12-20 20:54:06,2023-08-01 12:07:48,499,3686.39,paypal,accepted
267,2022-04-03 10:10:39,2023-08-04 10:05:37,165,1631.8600000000001,credit_card,rejected
268,2023-07-13 06:18:59,2023-08-03 00:59:56,285,107.18,credit_card,delivered
269,2020-11-20 04:35:38,2023-08-01 21:53:48,50,2057.2799999999997,paypal,accepted
270,2023-01-17 21:14:09,2023-08-04 04:14:48,207,3439.8199999999997,paypal,accepted
271,2020-12-09 08:05:29,2023-08-04 05:48:33,249,464.58000000000004,paypal,delivered
272,2021-05-13 01:19:44,2023-08-01 21:56:32,328,1599.29,credit_card,pending
273,2021-05-26 11:38:14,2023-08-01 03:10:03,288,2696.83,bank_transfer,pending
274,2023-07-21 16:54:29,2023-08-01 02:32:33,278,4305.030000000001,bank_transfer,accepted
275,2021-07-26 16:23:15,2023-08-02 16:13:40,336,2706.9,bank_transfer,rejected
276,2021-06-23 15:12:29,2023-08-04 04:17:57,236,7184.160000000001,credit_card,pending
277,2021-12-09 21:36:39,2023-08-04 14:16:51,104,3618.51,paypal,refunded
278,2021-02-12 02:47:42,2023-08-01 10:32:45,122,4389.9800000000005,credit_card,refunded
279,2021-07-14 01:04:36,2023-08-03 15:36:38,465,1504.6100000000001,bank_transfer,pending
280,2023-01-20 01:52:46,2023-08-04 14:14:23,451,1618.6000000000001,credit_card,rejected
281,2020-04-19 17:08:26,2023-08-02 07:08:06,165,2115.56,paypal,delivered
282,2022-06-27 08:20:30,2023-08-04 02:47:20,31,1544.12,paypal,pending
283,2022-09-14 08:05:46,2023-08-01 14:15:47,86,2035.3000000000002,bank_transfer,delivered
284,2020-08-25 08:00:04,2023-08-01 05:55:43,374,102.42,bank_transfer,refunded
285,2023-06-23 10:33:08,2023-08-04 04:47:05,338,434.54999999999995,paypal,accepted
286,2023-05-07 19:40:41,2023-08-03 05:35:38,326,2526.5299999999997,paypal,accepted
287,2023-03-22 22:25:10,2023-08-01 07:08:55,281,6619.639999999999,bank_transfer,accepted
288,2023-04-16 20:09:55,2023-08-03 04:15:13,319,3142.85,bank_transfer,delivered
289,2023-01-31 12:15:30,2023-08-02 10:42:14,208,590.8,bank_transfer,refunded
290,2021-05-08 02:13:22,2023-08-03 23:03:51,158,3090.2200000000003,paypal,pending
291,2023-06-08 03:28:01,2023-08-01 21:20:34,423,2085.19,bank_transfer,pending
292,2023-05-29 05:26:22,2023-08-03 07:35:04,448,6634.88,credit_card,refunded
293,2021-10-05 01:01:44,2023-08-02 10:21:16,106,677.36,bank_transfer,refunded
294,2021-08-12 13:46:22,2023-08-01 04:08:07,351,1315.3799999999999,bank_transfer,delivered
295,2021-09-10 04:35:46,2023-08-03 11:34:07,84,3454.52,bank_transfer,delivered
296,2023-05-21 13:08:43,2023-08-03 12:10:21,369,1464.3,bank_transfer,pending
297,2020-07-04 07:50:31,2023-08-04 06:24:06,80,4814.91,paypal,accepted
298,2021-03-25 01:03:56,2023-08-03 05:35:41,258,4259.73,paypal,delivered
299,2021-10-09 22:58:02,2023-08-03 22:11:36,448,2105.64,bank_transfer,delivered
300,2023-05-19 07:19:53,2023-08-01 05:48:16,390,2193.07,bank_transfer,accepted
301,2022-05-07 12:56:49,2023-08-04 09:05:10,256,874.6300000000001,bank_transfer,delivered
302,2023-06-04 07:44:32,2023-08-02 10:59:03,343,1295.39,credit_card,accepted
303,2021-08-03 19:15:35,2023-08-01 08:35:49,465,3296.5099999999998,paypal,delivered
304,2020-06-01 18:20:50,2023-08-02 02:22:09,281,2776.09,credit_card,refunded
305,2021-02-16 23:02:55,2023-08-01 12:52:40,132,1232.33,bank_transfer,pending
306,2022-11-27 13:32:25,2023-08-03 18:27:27,321,4163.77,paypal,pending
307,2021-06-29 18:35:37,2023-08-01 20:50:57,313,2060.82,credit_card,accepted
308,2022-09-26 11:34:38,2023-08-01 17:17:59,425,429.9,bank_transfer,pending
309,2022-07-08 09:38:03,2023-08-02 11:26:02,362,1431.9,credit_card,rejected
310,2022-01-24 00:48:30,2023-08-01 12:23:27,489,4003.6,bank_transfer,pending
311,2022-06-24 07:36:19,2023-08-01 23:17:36,219,2407.1,bank_transfer,pending
312,2022-10-02 22:08:15,2023-08-01 04:00:51,349,2727.7799999999997,bank_transfer,rejected
313,2020-01-04 15:18:49,2023-08-03 04:14:09,100,3590.31,bank_transfer,accepted
314,2020-01-31 17:51:33,2023-08-04 12:42:44,311,1958.83,bank_transfer,refunded
315,2021-04-23 04:15:47,2023-08-04 15:16:06,74,3086.9500000000003,paypal,delivered
316,2020-03-28 18:34:34,2023-08-02 23:56:41,230,4014.0099999999998,paypal,pending
317,2020-11-15 10:14:17,2023-08-04 02:20:38,51,2006.68,credit_card,refunded
318,2021-10-14 20:17:20,2023-08-04 15:02:27,89,222.95999999999998,paypal,refunded
319,2021-01-28 03:19:40,2023-08-04 14:07:56,180,1665.6699999999998,paypal,rejected
320,2020-04-29 18:42:00,2023-08-01 03:09:28,388,3565.16,credit_card,refunded
321,2022-03-30 11:03:00,2023-08-04 02:00:56,147,3154.1800000000003,credit_card,pending
322,2022-06-03 23:49:05,2023-08-02 10:06:46,70,822.76,bank_transfer,accepted
323,2022-12-12 03:32:15,2023-08-02 16:09:31,354,2061.58,credit_card,refunded
324,2020-04-15 15:08:47,2023-08-03 18:01:42,479,376.48,bank_transfer,accepted
325,2023-06-23 10:37:05,2023-08-02 01:36:48,427,758.99,bank_transfer,refunded
326,2021-04-15 12:43:32,2023-08-02 03:50:01,80,85.6,credit_card,accepted
327,2022-06-01 00:43:39,2023-08-04 06:14:14,67,3478.92,bank_transfer,accepted
328,2020-09-08 15:13:14,2023-08-01 21:53:10,56,3932.0600000000004,credit_card,refunded
329,2021-01-09 18:36:30,2023-08-01 10:15:13,14,3833.9100000000003,credit_card,accepted
330,2020-12-11 21:50:49,2023-08-04 16:00:13,257,4979.09,bank_transfer,accepted
331,2022-07-08 12:36:27,2023-08-04 06:30:01,2,278.79999999999995,credit_card,delivered
332,2022-06-07 02:52:48,2023-08-03 11:28:57,228,2247.9599999999996,bank_transfer,pending
333,2020-09-26 05:56:10,2023-08-03 21:45:14,97,1157.83,paypal,refunded
334,2020-02-01 22:48:27,2023-08-03 05:24:47,344,2073.8,paypal,rejected
335,2020-11-26 23:12:04,2023-08-03 20:03:04,453,734.18,paypal,pending
336,2020-10-01 01:32:54,2023-08-02 03:55:22,461,2611.0199999999995,paypal,rejected
337,2022-08-09 11:39:14,2023-08-02 14:22:34,78,1064.3,paypal,pending
338,2022-07-08 23:32:52,2023-08-03 09:40:51,398,3481.38,paypal,pending
339,2021-02-06 19:38:18,2023-08-03 02:36:03,25,3222.9399999999996,credit_card,delivered
340,2021-06-13 14:07:24,2023-08-02 02:36:51,159,2017.26,credit_card,accepted
341,2020-06-20 13:18:22,2023-08-01 02:13:33,377,4585.88,bank_transfer,delivered
342,2020-01-29 11:20:12,2023-08-02 06:58:31,38,235.26999999999998,paypal,rejected
343,2021-03-07 19:31:29,2023-08-02 00:48:43,23,1231.9499999999998,bank_transfer,accepted
344,2022-03-27 13:13:57,2023-08-04 10:11:32,176,850.26,paypal,accepted
345,2021-11-01 09:06:31,2023-08-01 04:48:55,420,4919.070000000001,credit_card,refunded
346,2023-05-02 01:31:22,2023-08-03 07:31:33,250,2646.0099999999998,paypal,pending
347,2021-09-21 07:03:22,2023-08-03 06:08:15,166,2495.79,bank_transfer,delivered
348,2023-04-23 12:55:05,2023-08-02 15:11:06,140,3576.73,credit_card,accepted
349,2022-11-16 18:24:02,2023-08-02 05:42:00,314,3349.32,paypal,rejected
350,2020-10-02 06:59:30,2023-08-01 11:04:59,92,844.03,bank_transfer,pending
351,2020-10-11 04:53:51,2023-08-04 04:59:32,197,3346.04,paypal,accepted
352,2022-11-19 22:00:31,2023-08-04 12:55:04,286,2080.33,paypal,accepted
353,2021-12-17 07:04:01,2023-08-03 04:27:50,284,3978.76,bank_transfer,refunded
354,2023-07-17 07:42:25,2023-08-04 11:35:25,408,1537.5,credit_card,rejected
355,2020-11-17 15:14:28,2023-08-02 06:15:49,73,4440.57,credit_card,refunded
356,2022-08-26 11:41:01,2023-08-04 12:54:06,181,1814.29,paypal,refunded
357,2020-04-20 07:34:50,2023-08-04 03:12:51,355,2513.84,paypal,delivered
358,2020-03-14 05:05:53,2023-08-01 15:47:06,385,4247.13,credit_card,delivered
359,2021-11-21 00:21:30,2023-08-04 15:42:32,299,1554.48,credit_card,rejected
360,2023-05-26 03:09:09,2023-08-01 13:09:49,361,1747.7800000000002,bank_transfer,delivered
361,2023-07-08 14:45:06,2023-08-03 10:03:18,193,1142.7300000000002,bank_transfer,rejected
362,2020-05-07 20:13:43,2023-08-04 04:18:07,474,3302.87,paypal,pending
363,2022-03-01 14:58:13,2023-08-03 10:30:43,147,2210.8000000000006,paypal,pending
364,2020-04-25 19:14:21,2023-08-03 05:08:18,40,2141.24,bank_transfer,rejected
365,2021-09-20 13:35:37,2023-08-03 05:45:02,342,2195.0600000000004,paypal,refunded
366,2020-12-20 04:18:08,2023-08-02 20:23:28,464,223.12,paypal,delivered
367,2023-05-27 06:16:05,2023-08-01 09:45:52,39,2439.26,bank_transfer,delivered
368,2023-01-29 09:24:45,2023-08-01 20:54:57,222,1392.3600000000001,paypal,pending
369,2022-05-19 10:33:01,2023-08-03 11:55:26,71,1280.1599999999999,bank_transfer,pending
370,2021-09-26 02:14:19,2023-08-01 03:02:44,66,1282.74,bank_transfer,refunded
371,2021-02-11 12:10:54,2023-08-02 17:07:24,138,4510.26,paypal,refunded
372,2022-06-07 21:24:11,2023-08-01 11:28:16,372,4279.61,paypal,rejected
373,2022-01-26 08:25:49,2023-08-03 10:45:13,388,5089.04,bank_transfer,accepted
374,2020-08-16 15:44:13,2023-08-03 05:03:07,130,1709.0,paypal,rejected
375,2020-09-26 07:41:36,2023-08-01 22:38:15,42,4669.35,credit_card,pending
376,2023-05-03 16:07:56,2023-08-02 03:33:15,256,510.0,credit_card,accepted
377,2023-04-17 20:00:42,2023-08-02 17:09:23,256,540.0,credit_card,pending
378,2023-04-19 14:22:32,2023-08-02 02:34:52,494,2247.55,paypal,pending
379,2020-12-28 18:09:10,2023-08-01 18:26:09,356,307.98,bank_transfer,rejected
380,2023-04-26 08:49:45,2023-08-03 13:21:40,93,159.12,bank_transfer,refunded
381,2020-05-08 14:06:45,2023-08-02 15:22:59,36,902.6700000000001,bank_transfer,delivered
382,2020-12-17 11:48:16,2023-08-01 03:23:35,416,3658.94,paypal,delivered
383,2020-01-07 23:01:32,2023-08-04 02:28:20,431,1150.87,paypal,rejected
384,2020-04-12 07:45:19,2023-08-03 08:19:23,152,2149.3,credit_card,delivered
385,2020-10-23 18:56:18,2023-08-04 12:40:54,133,5602.599999999999,paypal,accepted
386,2020-07-26 09:43:16,2023-08-02 07:50:22,413,4155.71,bank_transfer,refunded
387,2023-06-08 05:32:21,2023-08-03 00:29:38,233,3785.34,paypal,accepted
388,2022-01-03 13:16:22,2023-08-04 03:41:24,447,1084.54,credit_card,accepted
389,2022-01-29 17:43:14,2023-08-02 18:24:11,486,892.3199999999999,paypal,delivered
390,2022-12-24 18:39:14,2023-08-03 08:26:12,256,833.7,paypal,accepted
391,2020-05-01 00:04:53,2023-08-02 15:17:28,238,3584.58,paypal,accepted
392,2021-05-10 01:23:06,2023-08-02 10:59:30,4,2182.85,paypal,pending
393,2022-11-11 00:47:45,2023-08-01 16:08:42,353,1823.0499999999997,paypal,delivered
394,2020-10-22 13:10:11,2023-08-03 20:30:03,284,790.14,paypal,refunded
395,2020-12-07 21:45:27,2023-08-04 03:26:12,293,3845.1899999999996,credit_card,refunded
396,2021-03-15 18:37:59,2023-08-01 13:29:57,34,908.58,paypal,refunded
397,2021-07-05 10:43:02,2023-08-02 00:53:46,367,3388.2899999999995,paypal,delivered
398,2020-06-27 18:12:08,2023-08-04 09:09:49,267,2893.4700000000003,credit_card,accepted
399,2023-05-17 16:14:16,2023-08-01 14:28:38,66,2305.79,paypal,delivered
400,2020-06-17 07:16:49,2023-08-03 02:20:07,183,1891.2599999999998,paypal,refunded
401,2020-06-19 20:00:22,2023-08-03 01:00:04,499,3293.52,paypal,rejected
402,2022-02-23 19:38:47,2023-08-03 07:45:24,22,2593.58,credit_card,refunded
403,2020-01-19 20:49:11,2023-08-01 12:34:30,78,1854.83,paypal,refunded
404,2023-01-01 04:59:16,2023-08-03 10:13:24,161,1319.58,paypal,accepted
405,2021-06-09 22:39:58,2023-08-04 13:26:40,266,3536.64,credit_card,accepted
406,2020-06-30 17:27:56,2023-08-02 03:37:58,183,897.76,paypal,refunded
407,2021-12-22 12:21:21,2023-08-03 06:39:08,471,1615.58,bank_transfer,refunded
408,2023-06-17 01:32:49,2023-08-03 00:41:01,322,208.59,bank_transfer,pending
409,2022-12-13 00:57:03,2023-08-03 23:40:06,73,2553.3500000000004,paypal,refunded
410,2022-07-01 09:26:35,2023-08-01 14:59:16,92,3902.95,credit_card,pending
411,2023-03-01 22:22:02,2023-08-02 22:12:17,70,1168.74,bank_transfer,rejected
412,2023-01-31 22:42:10,2023-08-01 10:35:43,24,1461.94,bank_transfer,accepted
413,2022-09-02 10:12:30,2023-08-04 06:58:10,58,3588.1299999999997,credit_card,rejected
414,2023-05-31 16:35:27,2023-08-01 09:36:34,395,1451.34,paypal,refunded
415,2023-07-29 18:25:05,2023-08-01 06:59:37,231,4593.79,paypal,refunded
416,2022-12-23 15:45:05,2023-08-01 17:21:23,50,4433.37,bank_transfer,delivered
417,2022-01-07 07:48:17,2023-08-03 13:56:38,71,2228.59,credit_card,pending
418,2022-08-13 08:57:49,2023-08-02 02:59:51,271,2555.0899999999997,credit_card,rejected
419,2022-08-13 06:59:35,2023-08-03 19:43:47,481,624.7,bank_transfer,refunded
420,2020-02-01 19:30:22,2023-08-02 08:48:52,442,224.04000000000002,paypal,rejected
421,2020-12-02 13:08:31,2023-08-02 23:27:43,480,4511.549999999999,bank_transfer,accepted
422,2020-02-26 13:04:27,2023-08-03 12:06:29,182,271.0,credit_card,delivered
423,2021-01-11 12:18:06,2023-08-02 15:05:13,207,1653.19,credit_card,accepted
424,2022-04-30 02:54:57,2023-08-02 16:24:18,255,1336.2,bank_transfer,rejected
425,2022-02-17 16:31:39,2023-08-04 10:26:44,60,2049.0400000000004,paypal,rejected
426,2023-02-15 10:56:29,2023-08-04 01:27:42,176,5376.53,credit_card,delivered
427,2020-10-30 20:00:49,2023-08-03 20:22:56,191,2624.3599999999997,credit_card,accepted
428,2020-05-25 08:24:32,2023-08-01 05:48:47,15,538.74,credit_card,accepted
429,2021-09-19 07:53:58,2023-08-02 22:14:29,302,369.89,bank_transfer,delivered
430,2021-01-25 23:54:08,2023-08-03 20:49:08,27,2090.5299999999997,bank_transfer,rejected
431,2020-03-20 18:53:32,2023-08-03 02:24:39,339,2834.8500000000004,credit_card,rejected
432,2021-06-21 09:09:14,2023-08-04 01:04:32,115,3951.0800000000004,bank_transfer,accepted
433,2023-07-07 04:01:27,2023-08-03 08:56:40,454,2077.06,paypal,pending
434,2023-04-23 16:55:35,2023-08-04 02:34:16,424,4304.52,credit_card,pending
435,2021-04-26 14:40:17,2023-08-04 16:14:07,22,3638.98,credit_card,delivered
436,2021-08-12 15:52:12,2023-08-01 04:12:01,34,3082.71,credit_card,delivered
437,2020-07-30 08:44:55,2023-08-02 18:50:17,484,1450.8899999999999,credit_card,accepted
438,2022-04-20 16:04:13,2023-08-04 05:04:42,481,338.21999999999997,paypal,refunded
439,2020-03-12 01:47:14,2023-08-03 20:00:41,220,3272.4500000000003,paypal,delivered
440,2020-04-04 11:41:57,2023-08-01 13:53:53,66,1496.22,credit_card,delivered
441,2023-05-15 11:42:27,2023-08-03 18:55:19,29,2134.04,paypal,accepted
442,2023-02-21 21:51:04,2023-08-04 05:42:18,423,1530.41,paypal,accepted
443,2020-05-17 01:45:51,2023-08-02 14:45:04,155,2813.51,bank_transfer,pending
444,2020-01-11 17:30:06,2023-08-01 11:24:56,161,4370.02,paypal,accepted
445,2022-02-20 06:31:55,2023-08-01 00:39:41,23,1201.67,credit_card,refunded
446,2022-05-20 00:56:04,2023-08-04 10:37:44,29,2703.83,credit_card,delivered
447,2022-11-29 03:33:54,2023-08-01 13:30:05,9,4549.500000000001,credit_card,accepted
448,2022-12-18 09:15:48,2023-08-04 11:35:47,295,3378.85,paypal,refunded
449,2021-09-27 17:50:01,2023-08-03 21:39:56,365,770.6,paypal,delivered
450,2021-02-16 03:15:53,2023-08-02 20:32:56,339,3967.1000000000004,credit_card,accepted
451,2021-07-28 10:44:52,2023-08-01 17:38:37,479,1001.8399999999999,paypal,rejected
452,2020-04-26 04:10:28,2023-08-02 10:20:12,339,1822.98,paypal,refunded
453,2022-03-13 19:21:25,2023-08-01 08:15:27,387,3320.06,bank_transfer,delivered
454,2020-08-01 09:19:20,2023-08-01 01:14:56,385,3939.3,bank_transfer,pending
455,2020-08-02 08:39:48,2023-08-02 15:43:37,55,1258.3400000000001,credit_card,accepted
456,2022-05-16 07:40:10,2023-08-01 23:06:53,362,3238.1099999999997,bank_transfer,refunded
457,2022-07-03 09:00:42,2023-08-02 19:52:00,114,1968.66,paypal,delivered
458,2020-06-13 09:42:49,2023-08-01 22:28:25,462,462.36,credit_card,delivered
459,2021-03-31 01:15:13,2023-08-01 17:16:00,95,2979.6800000000003,paypal,rejected
460,2023-02-20 21:40:25,2023-08-02 09:40:24,331,1826.38,credit_card,pending
461,2023-04-10 19:16:18,2023-08-03 18:24:58,361,863.81,bank_transfer,refunded
462,2021-09-25 19:40:49,2023-08-04 15:52:21,9,898.3799999999999,paypal,delivered
463,2020-03-31 10:49:53,2023-08-01 17:37:29,142,1729.6699999999998,credit_card,accepted
464,2021-12-29 01:36:12,2023-08-04 03:04:06,370,1310.94,bank_transfer,accepted
465,2020-11-30 20:56:51,2023-08-02 15:08:04,369,1231.12,bank_transfer,delivered
466,2022-02-27 19:45:25,2023-08-02 15:47:18,238,2754.57,paypal,pending
467,2020-10-11 14:15:16,2023-08-03 02:00:51,28,3293.0,paypal,accepted
468,2022-02-15 07:03:45,2023-08-01 17:43:01,417,3121.6800000000003,paypal,refunded
469,2020-02-29 18:47:10,2023-08-02 11:44:31,270,2194.9,paypal,rejected
470,2023-04-24 12:44:14,2023-08-02 03:00:37,276,5141.03,credit_card,pending
471,2021-06-17 03:12:39,2023-08-02 20:26:25,171,3004.3199999999997,bank_transfer,pending
472,2023-06-23 23:04:46,2023-08-04 09:10:10,217,2851.25,bank_transfer,pending
473,2021-10-01 13:56:51,2023-08-03 15:01:01,298,1218.58,bank_transfer,pending
474,2021-06-19 18:03:16,2023-08-03 19:56:35,39,2643.46,paypal,pending
475,2023-03-16 23:31:15,2023-08-02 23:10:40,23,3504.4700000000003,paypal,accepted
476,2020-04-23 15:56:11,2023-08-01 16:58:45,432,2077.63,credit_card,refunded
477,2023-04-15 03:29:37,2023-08-01 15:57:37,123,773.3,bank_transfer,accepted
478,2022-01-27 02:25:05,2023-08-01 06:06:30,380,960.96,paypal,delivered
479,2023-06-29 14:48:37,2023-08-02 07:54:17,492,2129.72,paypal,pending
480,2020-01-18 17:15:48,2023-08-04 10:44:24,447,2152.19,bank_transfer,refunded
481,2023-04-24 13:50:22,2023-08-03 12:18:57,294,1710.6299999999999,credit_card,rejected
482,2023-04-28 14:00:06,2023-08-03 12:39:05,199,3117.4000000000005,bank_transfer,rejected
483,2021-07-19 08:58:29,2023-08-03 03:36:45,114,2518.88,paypal,rejected
484,2022-09-05 14:01:41,2023-08-02 21:01:52,30,2667.76,credit_card,delivered
485,2022-09-18 16:16:27,2023-08-04 15:47:04,448,2180.74,paypal,pending
486,2023-05-21 19:09:17,2023-08-02 23:46:04,231,1938.4599999999998,credit_card,refunded
487,2023-01-19 09:34:19,2023-08-03 03:32:33,320,726.82,paypal,pending
488,2021-04-28 19:47:43,2023-08-01 12:12:54,368,3083.95,bank_transfer,rejected
489,2021-05-14 20:40:52,2023-08-03 10:39:35,185,2997.0299999999997,bank_transfer,pending
490,2021-04-24 03:06:23,2023-08-01 10:03:44,338,1232.05,bank_transfer,rejected
491,2022-01-31 05:10:46,2023-08-01 07:41:44,413,374.79999999999995,credit_card,accepted
492,2022-01-21 14:32:46,2023-08-03 00:26:09,25,3274.1400000000003,paypal,refunded
493,2020-01-04 13:59:00,2023-08-03 21:45:26,36,4956.15,credit_card,delivered
494,2023-03-12 04:53:05,2023-08-03 11:10:58,148,2741.77,paypal,accepted
495,2022-01-02 10:05:08,2023-08-04 12:34:54,33,2558.68,paypal,refunded
496,2020-03-30 08:11:25,2023-08-01 15:07:09,248,1406.31,paypal,refunded
497,2021-02-15 17:33:44,2023-08-03 18:52:52,194,2085.9,bank_transfer,accepted
498,2020-01-13 14:20:12,2023-08-03 12:50:56,250,739.3900000000001,credit_card,accepted
499,2020-05-30 21:22:03,2023-08-02 14:34:27,328,3198.38,credit_card,rejected
500,2020-09-23 15:18:20,2023-08-01 08:27:42,108,983.56,bank_transfer,rejected
501,2022-09-05 02:57:50,2023-08-04 03:07:45,261,5591.49,bank_transfer,delivered
502,2020-11-02 21:20:07,2023-08-01 07:12:40,415,2521.7400000000002,bank_transfer,delivered
503,2022-11-14 19:23:01,2023-08-02 13:14:58,135,2231.66,credit_card,rejected
504,2021-04-22 10:42:55,2023-08-03 21:19:03,230,158.48,bank_transfer,refunded
505,2022-02-20 23:25:17,2023-08-03 12:51:16,475,1000.48,bank_transfer,delivered
506,2023-01-23 13:42:37,2023-08-02 19:39:03,270,787.9699999999999,bank_transfer,accepted
507,2022-04-10 23:56:31,2023-08-01 22:02:34,112,1057.52,credit_card,refunded
508,2023-02-09 07:58:35,2023-08-03 00:51:17,7,1092.9,paypal,rejected
509,2022-01-10 19:31:06,2023-08-02 21:49:33,36,3171.6,bank_transfer,accepted
510,2021-12-28 10:15:05,2023-08-02 18:57:10,416,1066.24,credit_card,pending
511,2020-07-24 21:17:51,2023-08-01 05:05:14,151,1142.1599999999999,bank_transfer,accepted
512,2023-07-12 10:00:56,2023-08-02 19:25:50,360,5222.24,bank_transfer,rejected
513,2021-12-16 17:03:42,2023-08-01 23:40:43,341,1692.16,credit_card,refunded
514,2023-07-29 08:13:50,2023-08-04 00:31:47,63,2598.87,paypal,delivered
515,2021-09-14 07:48:26,2023-08-04 01:11:53,387,265.62,credit_card,rejected
516,2022-05-14 05:43:21,2023-08-02 19:00:53,386,1404.9,credit_card,refunded
517,2021-03-20 19:27:47,2023-08-03 22:14:55,108,2009.1000000000001,credit_card,refunded
518,2020-10-26 16:51:19,2023-08-01 13:11:37,212,3821.8999999999996,bank_transfer,refunded
519,2022-10-25 20:26:22,2023-08-03 23:28:34,151,1094.08,credit_card,refunded
520,2023-03-17 16:48:53,2023-08-01 19:39:04,86,2075.88,paypal,pending
521,2021-03-26 03:15:17,2023-08-01 16:44:54,97,4010.29,bank_transfer,accepted
522,2023-04-06 18:37:46,2023-08-02 12:35:45,111,1472.02,paypal,refunded
523,2022-02-10 17:22:44,2023-08-04 02:42:54,362,80.39999999999999,paypal,pending
524,2022-04-15 23:56:37,2023-08-03 01:49:24,82,3108.05,paypal,rejected
525,2022-08-12 02:30:07,2023-08-03 00:24:47,251,250.8,paypal,rejected
526,2022-12-12 04:13:44,2023-08-01 23:14:49,377,4097.14,paypal,pending
527,2020-11-11 17:20:18,2023-08-04 09:51:26,287,4480.58,credit_card,accepted
528,2022-12-16 19:55:20,2023-08-04 15:10:02,398,1882.61,credit_card,delivered
529,2021-04-18 04:41:51,2023-08-02 08:17:10,447,3929.7599999999998,credit_card,rejected
530,2023-02-03 12:13:39,2023-08-01 07:51:51,206,2308.58,bank_transfer,refunded
531,2021-07-22 03:08:16,2023-08-03 23:28:23,141,161.11,bank_transfer,pending
532,2023-01-09 20:14:47,2023-08-02 02:29:48,309,4505.83,credit_card,pending
533,2023-06-08 03:42:15,2023-08-01 00:28:41,59,635.5699999999999,paypal,refunded
534,2020-06-21 10:05:55,2023-08-03 20:48:29,337,2634.97,bank_transfer,accepted
535,2022-03-01 18:29:04,2023-08-03 17:11:47,277,4181.650000000001,bank_transfer,pending
536,2023-06-23 12:35:49,2023-08-01 23:39:46,294,1623.84,credit_card,delivered
537,2020-07-03 18:15:04,2023-08-04 09:13:42,184,4048.24,paypal,delivered
538,2020-06-17 11:51:11,2023-08-03 19:37:50,148,1947.8500000000001,bank_transfer,refunded
539,2021-07-01 16:22:39,2023-08-01 18:53:19,112,3693.59,credit_card,accepted
540,2021-11-23 23:10:19,2023-08-03 11:01:32,83,3454.9700000000003,credit_card,refunded
541,2022-02-15 20:32:46,2023-08-01 12:36:27,377,2846.1800000000003,bank_transfer,accepted
542,2020-09-20 10:24:06,2023-08-04 02:04:31,82,1090.01,paypal,pending
543,2023-05-06 04:05:03,2023-08-04 01:53:28,79,2443.69,credit_card,pending
544,2020-08-20 17:29:03,2023-08-02 12:05:49,442,1498.0,bank_transfer,refunded
545,2023-03-16 05:24:48,2023-08-04 12:52:18,80,2316.5499999999997,bank_transfer,delivered
546,2021-01-09 11:11:48,2023-08-04 08:01:28,490,7645.2300000000005,paypal,pending
547,2022-12-11 10:48:19,2023-08-01 09:33:06,305,2843.5099999999998,bank_transfer,delivered
548,2023-06-29 10:35:12,2023-08-02 11:19:42,200,2513.0699999999997,credit_card,pending
549,2022-04-13 22:45:32,2023-08-02 22:30:19,272,466.32,paypal,pending
550,2020-12-07 19:13:20,2023-08-04 14:25:51,429,3164.02,paypal,refunded
551,2022-11-11 12:16:06,2023-08-02 12:25:05,263,1124.47,bank_transfer,delivered
552,2023-02-03 17:38:46,2023-08-01 21:46:37,478,1923.42,paypal,refunded
553,2023-02-26 12:22:10,2023-08-03 03:20:17,451,1463.1100000000001,credit_card,delivered
554,2022-12-04 20:21:02,2023-08-02 23:28:31,257,1162.8,credit_card,delivered
555,2020-09-30 13:59:57,2023-08-02 01:41:42,194,2263.21,credit_card,rejected
556,2023-05-12 12:09:07,2023-08-02 18:28:44,115,2080.77,bank_transfer,accepted
557,2021-10-27 18:28:59,2023-08-01 00:44:38,371,3320.6800000000003,credit_card,rejected
558,2023-03-29 04:58:15,2023-08-04 05:23:13,65,2672.1499999999996,bank_transfer,pending
559,2023-06-16 11:49:37,2023-08-03 16:18:29,359,904.0799999999999,paypal,pending
560,2023-07-17 01:55:39,2023-08-03 15:42:02,244,2330.8599999999997,paypal,rejected
561,2021-06-26 06:40:37,2023-08-02 16:12:22,126,2506.4,credit_card,refunded
562,2022-12-19 15:32:51,2023-08-02 15:37:10,463,2655.9300000000003,credit_card,rejected
563,2020-04-13 23:10:10,2023-08-03 02:18:43,115,954.4499999999999,bank_transfer,pending
564,2023-04-17 18:39:34,2023-08-04 13:00:10,258,249.56,bank_transfer,refunded
565,2020-03-20 16:57:19,2023-08-02 15:16:10,439,3648.17,credit_card,rejected
566,2021-01-20 12:26:25,2023-08-01 16:13:11,357,1022.25,paypal,rejected
567,2023-04-25 09:32:01,2023-08-01 06:44:53,111,4667.129999999999,credit_card,delivered
568,2023-06-18 23:01:18,2023-08-03 17:27:52,299,1522.78,paypal,delivered
569,2020-06-16 05:56:16,2023-08-03 05:25:45,19,464.58000000000004,bank_transfer,pending
570,2022-09-11 12:07:14,2023-08-02 10:27:25,316,2533.26,bank_transfer,pending
571,2023-04-21 12:52:10,2023-08-02 11:24:46,252,2489.2599999999998,paypal,refunded
572,2020-09-08 17:12:18,2023-08-03 06:07:16,453,3352.04,paypal,pending
573,2021-02-18 13:51:31,2023-08-04 14:57:17,413,334.53,credit_card,rejected
574,2022-01-30 20:13:03,2023-08-01 17:46:03,393,786.0,bank_transfer,accepted
575,2021-08-25 02:54:13,2023-08-03 23:19:38,79,2622.7,credit_card,delivered
576,2022-07-14 10:06:52,2023-08-03 19:18:48,279,795.54,paypal,accepted
577,2022-09-09 04:18:28,2023-08-01 07:40:24,483,1143.52,bank_transfer,refunded
578,2020-05-30 21:35:13,2023-08-01 06:10:24,367,3112.1,credit_card,pending
579,2023-03-17 04:27:54,2023-08-03 00:04:21,12,1883.82,bank_transfer,delivered
580,2022-08-28 18:57:00,2023-08-04 11:57:29,486,2000.42,paypal,delivered
581,2022-02-14 22:24:00,2023-08-02 11:49:12,392,2240.18,bank_transfer,accepted
582,2022-04-03 10:11:46,2023-08-03 19:33:17,82,1147.38,credit_card,pending
583,2020-06-29 02:58:42,2023-08-02 19:59:39,393,345.06,paypal,pending
584,2022-07-04 10:11:03,2023-08-03 01:07:32,159,8376.1,paypal,delivered
585,2022-09-28 03:09:49,2023-08-03 17:47:16,81,3258.47,paypal,rejected
586,2023-01-01 13:14:30,2023-08-03 03:16:28,15,333.7,bank_transfer,delivered
587,2020-12-17 20:23:34,2023-08-03 03:19:48,459,2178.77,bank_transfer,accepted
588,2020-07-04 04:56:05,2023-08-04 03:17:17,211,157.05,credit_card,accepted
589,2021-05-19 18:11:13,2023-08-01 02:39:08,124,942.4,credit_card,rejected
590,2020-01-07 14:39:16,2023-08-03 16:13:45,19,3565.5,credit_card,pending
591,2020-04-20 13:56:53,2023-08-03 19:59:13,266,3683.25,bank_transfer,pending
592,2022-09-18 18:08:08,2023-08-01 12:02:38,429,3614.59,bank_transfer,rejected
593,2023-04-19 20:50:48,2023-08-04 01:45:51,262,3237.4300000000003,credit_card,delivered
594,2020-03-17 00:32:57,2023-08-02 20:47:33,228,840.92,paypal,refunded
595,2021-12-03 17:27:36,2023-08-02 17:21:30,75,3166.25,bank_transfer,rejected
596,2023-04-08 02:31:10,2023-08-02 11:17:22,388,3437.76,credit_card,accepted
597,2022-01-05 23:33:45,2023-08-04 14:50:25,187,2681.77,credit_card,accepted
598,2020-01-16 01:25:36,2023-08-02 10:22:55,302,853.5,credit_card,pending
599,2022-11-26 13:56:22,2023-08-01 17:56:37,392,4063.5600000000004,paypal,pending
600,2020-04-11 06:58:51,2023-08-03 12:26:47,337,2335.26,paypal,delivered
601,2023-02-21 10:49:55,2023-08-01 08:00:37,319,2199.61,bank_transfer,pending
602,2023-03-15 05:58:51,2023-08-03 18:02:56,228,2206.78,bank_transfer,rejected
603,2023-06-20 02:49:00,2023-08-04 09:31:33,247,1323.3600000000001,credit_card,rejected
604,2022-09-11 12:22:40,2023-08-03 11:30:36,212,935.95,credit_card,delivered
605,2020-10-18 17:05:04,2023-08-02 21:55:03,144,617.9300000000001,paypal,pending
606,2023-01-12 00:09:39,2023-08-02 19:52:03,262,1260.6,paypal,pending
607,2021-09-14 15:14:53,2023-08-01 10:00:01,433,1251.54,paypal,delivered
608,2022-08-28 16:51:02,2023-08-04 05:51:24,196,3004.3,paypal,rejected
609,2021-10-06 07:43:25,2023-08-03 14:37:35,368,2726.34,bank_transfer,refunded
610,2022-10-10 07:54:20,2023-08-02 14:51:01,194,264.12,credit_card,refunded
611,2022-09-12 11:30:27,2023-08-02 20:04:10,479,2129.89,paypal,pending
612,2020-10-16 15:42:46,2023-08-04 01:32:26,396,76.55,credit_card,delivered
613,2023-01-13 05:49:13,2023-08-03 08:24:17,35,385.3,paypal,accepted
614,2022-11-02 06:46:49,2023-08-01 14:40:00,316,2131.58,bank_transfer,pending
615,2020-12-02 23:36:36,2023-08-03 15:31:38,257,2277.01,bank_transfer,refunded
616,2021-01-01 05:44:36,2023-08-01 01:33:55,313,1781.4799999999998,bank_transfer,accepted
617,2021-03-26 13:49:05,2023-08-02 09:20:07,156,97.38,paypal,pending
618,2021-07-24 15:49:40,2023-08-03 05:14:28,476,272.42,bank_transfer,accepted
619,2022-05-22 16:21:43,2023-08-02 23:56:22,174,442.15,paypal,refunded
620,2020-07-24 21:43:43,2023-08-03 00:47:49,476,3841.3900000000003,credit_card,refunded
621,2022-01-18 10:29:18,2023-08-02 06:47:37,314,3984.7,credit_card,pending
622,2022-11-30 03:05:46,2023-08-01 07:04:29,101,2840.1,credit_card,refunded
623,2023-06-18 04:29:55,2023-08-01 21:58:44,338,453.12,paypal,rejected
624,2021-07-23 12:28:27,2023-08-03 21:56:27,317,1457.9,bank_transfer,accepted
625,2022-04-13 18:22:15,2023-08-01 20:30:45,263,2555.16,credit_card,accepted
626,2022-06-06 17:37:06,2023-08-01 23:38:00,333,2543.73,bank_transfer,rejected
627,2020-06-09 01:25:22,2023-08-01 20:04:02,151,2488.62,bank_transfer,delivered
628,2022-07-06 10:48:59,2023-08-01 05:09:58,103,2398.18,credit_card,pending
629,2022-05-04 17:05:35,2023-08-02 03:49:13,42,1245.82,paypal,rejected
630,2023-01-21 10:39:05,2023-08-04 10:48:06,98,2439.4800000000005,paypal,rejected
631,2022-06-11 09:53:31,2023-08-01 06:22:57,329,3112.7,paypal,refunded
632,2020-03-22 06:48:43,2023-08-03 23:16:49,60,2908.3100000000004,bank_transfer,rejected
633,2020-09-07 06:36:11,2023-08-03 09:01:43,67,1386.8600000000001,bank_transfer,rejected
634,2021-01-21 15:43:47,2023-08-04 03:08:07,254,1213.32,credit_card,refunded
635,2020-09-12 16:35:27,2023-08-01 16:03:56,320,4521.5,bank_transfer,delivered
636,2021-03-29 08:53:52,2023-08-02 23:33:13,67,3147.9400000000005,bank_transfer,pending
637,2020-07-27 12:28:41,2023-08-01 17:03:05,260,1945.25,bank_transfer,delivered
638,2023-02-20 22:39:46,2023-08-01 02:57:17,175,1911.78,credit_card,pending
639,2022-07-09 06:33:48,2023-08-04 13:27:11,28,2280.68,paypal,refunded
640,2021-03-31 02:36:58,2023-08-04 00:35:40,110,84.99,credit_card,refunded
641,2020-10-20 03:01:37,2023-08-01 21:45:11,211,2680.8999999999996,credit_card,accepted
642,2023-02-12 09:19:35,2023-08-04 15:38:00,304,2098.6099999999997,credit_card,pending
643,2022-05-17 22:07:02,2023-08-03 12:05:02,389,260.4,paypal,delivered
644,2020-07-26 19:09:24,2023-08-01 03:56:54,280,3235.93,credit_card,refunded
645,2020-02-05 05:44:58,2023-08-02 21:17:49,482,3174.55,bank_transfer,delivered
646,2020-08-07 08:46:14,2023-08-03 14:54:12,277,1935.39,paypal,accepted
647,2023-06-19 05:02:52,2023-08-01 13:59:33,337,96.96000000000001,credit_card,rejected
648,2020-11-12 11:04:43,2023-08-01 18:29:33,27,428.0,credit_card,delivered
649,2022-04-16 07:54:08,2023-08-02 19:50:13,330,93.18,bank_transfer,rejected
650,2022-05-10 18:06:39,2023-08-02 17:58:21,303,1005.11,credit_card,refunded
651,2022-10-09 14:50:47,2023-08-03 04:30:30,489,2831.7400000000002,bank_transfer,pending
652,2023-02-20 20:56:46,2023-08-01 21:35:24,201,3808.4,paypal,rejected
653,2020-03-26 02:05:27,2023-08-04 01:26:38,76,774.54,bank_transfer,pending
654,2022-11-22 22:48:25,2023-08-01 05:35:06,110,3036.5699999999997,paypal,refunded
655,2021-11-04 08:27:56,2023-08-03 06:55:32,168,2099.87,credit_card,delivered
656,2022-07-22 04:23:28,2023-08-03 19:45:58,397,4021.0999999999995,bank_transfer,delivered
657,2021-02-23 20:45:38,2023-08-02 23:39:14,2,906.24,paypal,accepted
658,2023-01-14 07:26:37,2023-08-01 19:50:25,157,641.7,bank_transfer,refunded
659,2022-07-08 16:10:23,2023-08-04 03:02:33,429,1876.06,bank_transfer,pending
660,2022-10-24 07:24:39,2023-08-01 07:05:41,262,4464.87,credit_card,rejected
661,2021-11-15 15:38:04,2023-08-04 02:49:20,175,2127.8,credit_card,refunded
662,2021-06-26 11:46:40,2023-08-04 06:09:40,302,348.40000000000003,paypal,rejected
663,2021-05-04 04:49:15,2023-08-01 00:50:09,340,1745.45,credit_card,delivered
664,2020-01-19 01:02:29,2023-08-02 14:07:20,331,1502.62,credit_card,refunded
665,2020-06-18 17:51:16,2023-08-04 13:39:00,155,474.4,credit_card,delivered
666,2021-04-26 08:38:28,2023-08-02 21:41:02,71,6011.389999999999,paypal,rejected
667,2020-07-27 07:20:29,2023-08-04 11:41:37,356,2318.3399999999997,credit_card,rejected
668,2020-06-01 02:35:11,2023-08-01 21:01:06,286,1969.9499999999998,bank_transfer,delivered
669,2021-11-28 15:41:59,2023-08-01 12:06:12,22,1937.4,bank_transfer,pending
670,2023-05-01 13:41:03,2023-08-01 06:38:57,426,1534.32,bank_transfer,pending
671,2021-05-19 09:24:47,2023-08-01 21:27:57,80,1115.5,credit_card,pending
672,2021-04-14 11:27:43,2023-08-03 05:18:21,350,742.2,paypal,refunded
673,2023-07-02 16:16:59,2023-08-01 14:22:04,290,2491.46,paypal,pending
674,2021-09-10 12:42:35,2023-08-04 05:58:46,195,2106.8599999999997,bank_transfer,accepted
675,2021-05-11 06:32:06,2023-08-04 09:13:31,264,5172.07,bank_transfer,delivered
676,2021-04-05 12:08:09,2023-08-03 01:44:10,174,374.34000000000003,bank_transfer,refunded
677,2022-11-26 13:20:02,2023-08-04 14:25:30,462,503.64,bank_transfer,delivered
678,2022-02-16 15:41:58,2023-08-01 09:17:21,290,7343.299999999999,paypal,rejected
679,2021-09-06 10:43:03,2023-08-01 20:21:47,393,3314.42,credit_card,accepted
680,2021-09-02 17:58:20,2023-08-02 18:23:02,164,1862.58,paypal,delivered
681,2020-01-27 14:01:43,2023-08-04 01:35:33,357,1443.1599999999999,bank_transfer,refunded
682,2021-04-01 06:29:44,2023-08-01 01:26:34,85,2306.0,paypal,accepted
683,2021-09-22 02:30:52,2023-08-01 17:59:50,457,5608.030000000001,paypal,pending
684,2021-06-28 17:24:49,2023-08-01 22:14:48,395,2194.44,paypal,rejected
685,2023-01-09 05:37:05,2023-08-02 05:21:15,407,5757.52,bank_transfer,refunded
686,2020-03-13 18:27:17,2023-08-03 22:16:03,431,3057.2299999999996,paypal,delivered
687,2023-03-04 08:03:14,2023-08-01 14:01:44,390,2021.5,bank_transfer,pending
688,2022-04-20 22:11:25,2023-08-03 15:23:06,329,120.98,credit_card,rejected
689,2020-10-15 08:08:08,2023-08-02 11:51:19,32,642.21,bank_transfer,rejected
690,2020-09-21 17:56:12,2023-08-01 06:55:38,361,381.69,paypal,delivered
691,2020-06-21 04:08:13,2023-08-01 20:02:07,322,274.48,credit_card,accepted
692,2022-03-08 06:26:50,2023-08-02 20:16:54,45,995.1,bank_transfer,delivered
693,2021-12-25 21:34:23,2023-08-02 10:41:30,263,3678.1399999999994,credit_card,accepted
694,2023-07-05 00:05:15,2023-08-03 15:50:05,326,3113.2400000000002,paypal,accepted
695,2022-12-15 09:24:47,2023-08-01 15:05:58,103,2875.09,paypal,pending
696,2023-03-29 09:18:00,2023-08-02 02:28:32,136,2374.86,credit_card,refunded
697,2023-06-11 04:12:01,2023-08-02 09:15:08,67,293.31,paypal,delivered
698,2020-08-19 11:54:55,2023-08-04 00:44:07,71,2148.6,bank_transfer,delivered
699,2020-03-01 09:24:07,2023-08-01 00:06:12,49,3411.1899999999996,paypal,pending
700,2022-10-27 08:38:47,2023-08-01 20:10:00,61,3436.5200000000004,paypal,delivered
701,2021-05-09 13:05:08,2023-08-02 00:33:05,492,385.14,paypal,accepted
702,2021-10-28 16:47:24,2023-08-04 07:39:17,52,1470.08,paypal,rejected
703,2021-12-03 17:35:38,2023-08-02 07:54:09,157,4993.120000000001,paypal,refunded
704,2023-02-14 02:26:13,2023-08-03 00:30:11,327,2455.1099999999997,credit_card,accepted
705,2021-12-07 21:07:16,2023-08-02 01:31:07,299,2714.79,credit_card,delivered
706,2021-05-05 01:35:10,2023-08-04 06:00:03,423,4541.92,paypal,accepted
707,2020-02-13 17:50:33,2023-08-02 19:00:23,116,3905.17,paypal,refunded
708,2020-03-23 12:44:48,2023-08-01 02:09:37,59,1995.1200000000001,bank_transfer,accepted
709,2021-03-01 18:01:08,2023-08-04 03:31:16,391,604.9,credit_card,pending
710,2022-09-02 14:18:11,2023-08-02 21:23:41,419,2124.86,bank_transfer,pending
711,2020-07-01 01:13:56,2023-08-02 13:00:44,183,1274.67,credit_card,rejected
712,2022-02-21 01:43:10,2023-08-02 22:44:41,330,405.94,credit_card,accepted
713,2020-02-25 00:01:47,2023-08-02 15:57:24,281,2216.96,paypal,pending
714,2022-12-26 09:39:48,2023-08-03 11:33:41,13,4304.58,bank_transfer,refunded
715,2020-12-13 13:30:15,2023-08-03 18:43:33,413,5136.44,credit_card,pending
716,2021-06-16 15:41:04,2023-08-02 21:06:29,182,2436.24,credit_card,delivered
717,2022-04-11 20:14:45,2023-08-01 02:56:15,382,2380.73,paypal,rejected
718,2020-07-09 20:11:13,2023-08-01 23:07:16,337,498.74,bank_transfer,refunded
719,2020-10-02 13:07:20,2023-08-02 05:08:21,380,2136.17,credit_card,pending
720,2021-03-08 20:35:35,2023-08-03 15:56:36,55,882.22,credit_card,rejected
721,2020-12-28 08:14:46,2023-08-02 04:36:08,454,4074.0600000000004,bank_transfer,accepted
722,2021-03-14 05:07:26,2023-08-03 17:00:09,98,2041.35,paypal,delivered
723,2023-03-31 13:45:12,2023-08-01 13:38:48,68,2788.8500000000004,bank_transfer,delivered
724,2023-05-04 13:20:19,2023-08-01 12:25:00,18,990.63,credit_card,delivered
725,2023-06-20 03:23:35,2023-08-02 01:21:15,12,2137.14,bank_transfer,delivered
726,2020-01-16 03:31:10,2023-08-03 12:20:00,485,3730.1499999999996,bank_transfer,pending
727,2020-02-09 23:18:38,2023-08-01 02:29:25,263,1658.21,bank_transfer,delivered
728,2022-12-02 04:51:15,2023-08-02 12:36:38,226,2662.94,paypal,refunded
729,2022-08-18 11:03:03,2023-08-01 09:35:05,242,2840.01,credit_card,accepted
730,2020-07-16 00:01:26,2023-08-01 03:43:04,99,1826.82,paypal,rejected
731,2021-07-30 12:35:13,2023-08-02 14:39:33,469,1517.12,credit_card,pending
732,2021-02-24 21:04:16,2023-08-02 16:23:58,284,3306.89,paypal,pending
733,2021-07-13 19:24:55,2023-08-02 03:00:13,76,1437.4,credit_card,accepted
734,2020-09-03 00:13:13,2023-08-02 07:25:25,204,1994.1499999999999,bank_transfer,rejected
735,2023-06-11 12:27:10,2023-08-02 18:40:56,140,2153.65,bank_transfer,refunded
736,2021-08-13 14:34:49,2023-08-03 21:22:43,149,2392.7799999999997,paypal,delivered
737,2023-04-22 05:10:28,2023-08-02 22:13:52,447,4302.5,paypal,refunded
738,2022-11-11 20:43:13,2023-08-03 02:39:53,176,3684.12,bank_transfer,pending
739,2021-05-13 14:35:28,2023-08-04 12:50:11,155,4120.48,paypal,delivered
740,2020-02-04 01:56:52,2023-08-02 10:12:36,308,1833.85,credit_card,rejected
741,2021-02-28 06:52:04,2023-08-03 18:46:12,313,2560.9,credit_card,delivered
742,2021-03-07 11:53:32,2023-08-04 09:09:07,274,1973.54,bank_transfer,rejected
743,2020-03-28 23:38:50,2023-08-01 02:38:57,27,1300.6999999999998,bank_transfer,refunded
744,2021-05-13 10:05:47,2023-08-02 14:01:57,199,743.94,credit_card,delivered
745,2023-01-23 21:00:04,2023-08-02 23:30:09,26,844.0,paypal,rejected
746,2020-07-05 00:53:52,2023-08-01 09:52:31,368,4091.58,credit_card,rejected
747,2020-10-14 09:14:52,2023-08-02 05:02:28,25,1458.65,bank_transfer,rejected
748,2021-10-19 10:48:21,2023-08-03 10:16:36,336,4224.58,credit_card,refunded
749,2021-05-17 06:07:50,2023-08-01 23:03:29,418,3963.04,paypal,refunded
750,2020-05-06 14:52:02,2023-08-02 15:21:37,428,3631.26,bank_transfer,rejected
751,2021-08-18 19:51:04,2023-08-01 14:42:15,364,1086.12,bank_transfer,accepted
752,2020-06-22 07:47:48,2023-08-02 06:39:24,424,4841.21,paypal,refunded
753,2021-08-27 17:27:08,2023-08-03 06:21:37,159,1701.3200000000002,bank_transfer,pending
754,2022-12-27 01:44:08,2023-08-01 07:50:52,136,968.98,paypal,refunded
755,2023-07-03 10:16:50,2023-08-01 00:20:01,2,1397.2,credit_card,rejected
756,2021-04-10 04:11:49,2023-08-02 18:39:41,67,3719.7499999999995,paypal,accepted
757,2022-11-22 18:27:27,2023-08-01 23:12:40,63,3389.62,paypal,refunded
758,2023-03-16 03:32:29,2023-08-04 10:36:58,326,3417.02,credit_card,pending
759,2023-07-28 07:57:05,2023-08-01 16:16:15,452,1955.83,paypal,pending
760,2021-12-11 16:30:43,2023-08-03 22:12:54,179,953.7,bank_transfer,delivered
761,2020-07-25 04:15:30,2023-08-03 22:40:28,335,574.3,credit_card,rejected
762,2022-02-04 13:00:38,2023-08-02 21:31:25,137,705.51,credit_card,delivered
763,2021-07-20 18:35:56,2023-08-04 13:38:43,477,2237.5600000000004,paypal,delivered
764,2022-08-20 10:08:44,2023-08-02 19:54:42,239,1473.12,paypal,accepted
765,2020-01-06 21:15:12,2023-08-04 03:19:48,371,4425.88,paypal,delivered
766,2023-01-07 15:03:30,2023-08-01 12:49:42,251,3592.3900000000003,bank_transfer,rejected
767,2022-04-05 21:38:10,2023-08-01 01:17:40,91,124.81,paypal,refunded
768,2021-04-01 10:31:23,2023-08-04 04:03:50,92,1276.6799999999998,bank_transfer,pending
769,2023-01-15 12:36:02,2023-08-02 17:55:38,350,4056.5600000000004,bank_transfer,delivered
770,2022-05-10 03:19:48,2023-08-01 16:33:01,308,3454.9199999999996,credit_card,refunded
771,2021-09-08 00:48:02,2023-08-01 13:48:37,391,3253.23,credit_card,delivered
772,2022-02-26 08:03:37,2023-08-01 06:55:43,431,4407.13,credit_card,pending
773,2022-04-01 22:19:14,2023-08-03 20:07:47,353,1373.75,paypal,delivered
774,2022-01-21 03:32:07,2023-08-01 06:29:02,85,4443.150000000001,paypal,delivered
775,2020-07-10 10:10:22,2023-08-01 21:06:09,298,691.36,bank_transfer,refunded
776,2021-10-30 03:09:16,2023-08-04 04:39:52,194,541.5799999999999,paypal,accepted
777,2021-04-25 07:21:12,2023-08-02 01:48:18,152,600.35,paypal,pending
778,2022-09-02 05:57:37,2023-08-01 20:57:23,306,859.7800000000001,bank_transfer,rejected
779,2022-09-15 09:10:44,2023-08-04 09:46:21,46,2315.5600000000004,credit_card,accepted
780,2023-05-02 06:27:24,2023-08-03 06:45:24,440,2674.14,bank_transfer,accepted
781,2022-11-01 12:26:52,2023-08-03 09:16:41,414,1344.0900000000001,credit_card,delivered
782,2022-03-25 06:03:56,2023-08-02 21:34:23,118,2435.4700000000003,paypal,pending
783,2020-04-13 08:14:15,2023-08-01 19:46:27,332,1081.12,bank_transfer,delivered
784,2021-09-25 19:07:32,2023-08-01 23:57:35,102,226.72,paypal,delivered
785,2023-03-11 18:56:36,2023-08-01 01:24:39,157,2969.0000000000005,bank_transfer,refunded
786,2020-03-09 07:25:33,2023-08-01 15:47:08,161,1953.27,bank_transfer,accepted
787,2023-04-14 16:47:09,2023-08-03 11:02:10,342,3649.54,bank_transfer,refunded
788,2022-12-30 08:32:55,2023-08-01 15:45:24,190,1658.32,credit_card,rejected
789,2021-03-09 09:47:03,2023-08-03 01:28:38,24,124.94,paypal,accepted
790,2022-03-29 08:53:31,2023-08-01 15:38:14,84,2391.9700000000003,credit_card,pending
791,2021-05-01 22:57:20,2023-08-01 20:06:59,94,4144.8099999999995,credit_card,delivered
792,2023-04-26 03:41:39,2023-08-02 05:48:14,420,4188.84,credit_card,accepted
793,2023-07-03 22:04:59,2023-08-04 13:48:08,94,571.46,bank_transfer,rejected
794,2020-04-19 22:06:07,2023-08-04 13:27:56,393,1539.06,bank_transfer,refunded
795,2022-09-15 13:02:05,2023-08-04 12:36:05,70,3164.2599999999998,bank_transfer,refunded
796,2021-06-20 05:09:07,2023-08-02 07:05:22,419,2579.27,paypal,accepted
797,2021-08-07 00:59:31,2023-08-01 15:46:04,50,1200.1399999999999,bank_transfer,rejected
798,2022-01-15 18:23:43,2023-08-02 16:43:53,413,4162.7699999999995,credit_card,refunded
799,2020-01-09 00:23:32,2023-08-04 13:14:52,120,273.12,credit_card,rejected
800,2020-04-08 22:00:51,2023-08-01 21:39:52,71,1395.23,credit_card,pending
801,2021-03-23 09:43:45,2023-08-04 14:53:25,407,1196.18,credit_card,rejected
802,2020-03-03 01:41:42,2023-08-02 10:18:37,19,2222.13,credit_card,accepted
803,2021-09-23 21:37:59,2023-08-02 17:52:52,421,1565.3700000000001,paypal,pending
804,2021-05-06 03:04:14,2023-08-01 00:11:03,432,1155.9,bank_transfer,rejected
805,2020-12-28 07:12:08,2023-08-02 19:43:14,88,5253.42,bank_transfer,delivered
806,2022-05-30 20:57:26,2023-08-03 06:22:14,7,1610.6899999999998,credit_card,rejected
807,2022-06-01 13:45:33,2023-08-02 11:34:34,315,4887.52,credit_card,refunded
808,2022-05-30 22:57:01,2023-08-03 22:12:06,222,3263.8500000000004,bank_transfer,accepted
809,2022-11-07 22:34:59,2023-08-04 03:37:49,24,3366.84,credit_card,accepted
810,2020-03-22 20:58:40,2023-08-02 05:44:06,216,1796.23,paypal,pending
811,2022-07-18 07:26:12,2023-08-04 12:04:40,224,2268.09,bank_transfer,pending
812,2021-12-18 21:48:30,2023-08-04 12:23:54,348,1377.51,credit_card,pending
813,2021-05-27 02:21:54,2023-08-03 17:57:55,320,4923.87,bank_transfer,delivered
814,2021-02-21 23:33:38,2023-08-04 11:54:06,320,2321.6400000000003,bank_transfer,pending
815,2020-11-05 16:49:55,2023-08-01 01:03:01,408,2738.7200000000003,paypal,refunded
816,2021-01-19 20:18:38,2023-08-01 07:27:24,66,2975.8599999999997,paypal,refunded
817,2023-04-13 11:01:32,2023-08-04 01:54:28,230,135.0,paypal,pending
818,2020-05-13 23:19:28,2023-08-03 14:42:19,62,4851.75,credit_card,pending
819,2022-05-25 15:12:02,2023-08-01 07:30:16,384,2238.3599999999997,paypal,refunded
820,2022-08-06 06:40:59,2023-08-02 12:22:52,306,1984.7,bank_transfer,delivered
821,2021-04-07 16:16:45,2023-08-04 16:11:19,26,1004.32,credit_card,pending
822,2021-12-13 01:07:13,2023-08-01 14:09:01,389,2135.66,credit_card,pending
823,2020-05-15 13:34:22,2023-08-01 17:24:57,253,1098.84,bank_transfer,accepted
824,2020-08-02 00:52:25,2023-08-03 12:32:59,400,1868.78,bank_transfer,refunded
825,2022-06-18 08:44:09,2023-08-04 13:13:32,456,1062.94,paypal,pending
826,2020-06-27 20:18:24,2023-08-02 19:17:41,34,1708.26,bank_transfer,pending
827,2023-04-05 00:55:51,2023-08-03 00:47:24,320,2094.3599999999997,credit_card,accepted
828,2021-08-26 18:46:06,2023-08-01 19:02:28,421,3526.23,paypal,pending
829,2022-08-31 05:21:40,2023-08-01 14:04:54,16,1727.9100000000003,bank_transfer,rejected
830,2020-10-30 04:57:20,2023-08-02 04:28:59,462,4575.200000000001,paypal,rejected
831,2021-02-05 12:43:13,2023-08-01 17:18:35,193,444.1,bank_transfer,delivered
832,2022-11-04 02:19:21,2023-08-03 02:53:49,265,3754.0599999999995,paypal,pending
833,2020-05-12 02:56:18,2023-08-01 05:01:35,448,1236.08,credit_card,accepted
834,2021-11-12 10:18:48,2023-08-01 09:42:30,305,1893.1000000000001,paypal,accepted
835,2023-02-24 17:21:52,2023-08-02 14:01:00,102,1635.57,credit_card,delivered
836,2023-02-02 03:18:54,2023-08-03 15:30:32,283,3673.2799999999997,bank_transfer,rejected
837,2022-04-26 20:26:24,2023-08-01 19:38:28,53,431.97,bank_transfer,accepted
838,2022-05-11 06:49:38,2023-08-04 15:40:11,164,4404.700000000001,bank_transfer,delivered
839,2021-07-15 15:33:55,2023-08-02 16:08:33,133,1077.3600000000001,paypal,delivered
840,2023-01-31 12:29:47,2023-08-02 16:32:04,123,1080.1000000000001,paypal,accepted
841,2020-01-13 01:06:15,2023-08-01 11:37:06,249,443.97,paypal,refunded
842,2021-02-14 20:25:15,2023-08-01 22:47:17,268,1105.68,paypal,pending
843,2020-12-09 07:24:46,2023-08-01 07:32:41,324,2853.81,bank_transfer,refunded
844,2021-08-12 17:49:22,2023-08-01 14:14:27,483,6198.7,credit_card,refunded
845,2021-12-19 21:43:52,2023-08-01 08:28:24,14,1822.6799999999998,paypal,delivered
846,2021-04-22 16:33:09,2023-08-04 07:25:05,246,136.76,bank_transfer,refunded
847,2023-06-11 00:11:50,2023-08-01 07:48:12,120,1394.7500000000002,paypal,pending
848,2020-06-27 13:20:50,2023-08-03 11:52:24,262,484.08000000000004,credit_card,accepted
849,2021-07-16 15:51:17,2023-08-02 14:05:22,85,1033.75,credit_card,accepted
850,2020-10-18 03:51:06,2023-08-04 09:44:01,462,140.89,bank_transfer,accepted
851,2021-12-03 05:49:54,2023-08-02 06:47:45,26,3019.86,bank_transfer,rejected
852,2021-11-05 21:35:45,2023-08-03 16:26:40,166,385.75,credit_card,delivered
853,2022-12-11 16:36:42,2023-08-01 11:37:16,332,780.2900000000001,credit_card,refunded
854,2022-06-06 15:28:37,2023-08-02 23:30:55,464,372.29999999999995,paypal,accepted
855,2020-12-26 05:52:59,2023-08-02 14:28:30,168,400.51,bank_transfer,pending
856,2022-04-16 13:00:49,2023-08-01 12:54:30,94,2708.7,paypal,pending
857,2020-01-17 04:17:51,2023-08-03 17:19:38,361,1173.8999999999999,bank_transfer,refunded
858,2021-11-10 16:42:01,2023-08-01 21:39:23,219,3131.98,credit_card,rejected
859,2021-01-03 06:09:00,2023-08-03 00:31:23,170,1370.63,bank_transfer,refunded
860,2021-11-23 02:20:44,2023-08-02 01:21:49,184,2762.71,bank_transfer,delivered
861,2020-02-08 15:01:47,2023-08-03 15:54:40,230,3827.3,paypal,accepted
862,2020-10-16 19:47:53,2023-08-04 12:14:04,14,3968.8199999999997,bank_transfer,delivered
863,2021-11-12 08:11:57,2023-08-03 22:42:17,403,3653.8499999999995,bank_transfer,accepted
864,2022-10-21 01:11:16,2023-08-01 22:00:30,83,1828.0300000000002,paypal,refunded
865,2023-01-05 17:47:38,2023-08-04 07:06:27,113,1398.96,credit_card,refunded
866,2021-01-10 13:07:40,2023-08-01 00:21:36,176,2149.62,paypal,refunded
867,2020-07-24 19:34:52,2023-08-02 18:21:52,125,3509.7200000000003,paypal,pending
868,2022-12-19 10:43:31,2023-08-03 20:14:06,106,900.4299999999998,bank_transfer,accepted
869,2022-10-10 14:44:35,2023-08-02 11:24:34,283,3070.8599999999997,credit_card,rejected
870,2021-12-19 21:08:21,2023-08-01 15:19:15,387,1291.27,paypal,delivered
871,2022-08-05 14:18:28,2023-08-01 02:28:50,315,190.79999999999998,bank_transfer,delivered
872,2020-03-12 02:47:59,2023-08-01 09:47:09,42,2622.61,bank_transfer,rejected
873,2020-11-18 14:34:48,2023-08-03 07:54:42,91,3135.8500000000004,paypal,delivered
874,2021-06-18 04:24:09,2023-08-03 16:53:03,220,498.51,bank_transfer,delivered
875,2023-06-01 16:50:52,2023-08-03 10:35:43,487,108.02,bank_transfer,delivered
876,2021-05-28 00:05:06,2023-08-03 06:10:42,202,2354.6,paypal,accepted
877,2021-10-23 23:46:38,2023-08-03 06:16:46,111,1432.08,paypal,delivered
878,2022-08-12 23:53:37,2023-08-03 10:19:05,472,4238.58,credit_card,accepted
879,2020-11-06 08:13:07,2023-08-01 13:05:23,224,562.8,credit_card,delivered
880,2021-10-22 03:33:43,2023-08-03 11:50:55,316,1013.81,credit_card,rejected
881,2020-06-14 16:14:53,2023-08-03 03:40:01,326,930.3199999999999,credit_card,rejected
882,2022-05-20 02:56:05,2023-08-04 04:45:01,49,3677.16,paypal,accepted
883,2022-01-27 21:53:28,2023-08-03 03:47:19,144,4291.299999999999,bank_transfer,delivered
884,2023-04-17 23:41:20,2023-08-03 00:06:43,170,1178.42,credit_card,delivered
885,2021-06-12 14:37:05,2023-08-04 06:26:49,237,3681.1900000000005,bank_transfer,refunded
886,2020-12-03 03:14:34,2023-08-04 07:22:25,3,255.36,bank_transfer,pending
887,2020-12-29 17:57:59,2023-08-02 08:41:32,178,2177.09,credit_card,delivered
888,2022-09-08 00:55:42,2023-08-02 07:27:13,446,1210.02,paypal,rejected
889,2022-03-21 21:45:14,2023-08-01 22:23:00,271,1112.1,paypal,refunded
890,2020-05-13 15:05:56,2023-08-01 03:28:34,389,859.6200000000001,bank_transfer,accepted
891,2020-03-17 20:48:43,2023-08-01 08:30:43,259,868.6,paypal,rejected
892,2023-04-06 12:06:22,2023-08-01 00:38:13,320,2038.57,bank_transfer,refunded
893,2023-02-15 23:17:56,2023-08-01 22:51:22,316,4340.129999999999,credit_card,refunded
894,2020-11-12 14:40:19,2023-08-03 02:39:05,265,1905.8899999999999,credit_card,delivered
895,2020-12-08 00:40:35,2023-08-01 04:39:33,373,5587.23,bank_transfer,refunded
896,2021-06-24 06:53:26,2023-08-01 11:32:49,201,653.74,credit_card,rejected
897,2020-01-02 04:48:41,2023-08-01 14:10:31,334,3935.0299999999997,credit_card,delivered
898,2021-05-04 07:59:30,2023-08-02 02:07:13,290,4646.82,bank_transfer,refunded
899,2023-06-27 11:58:12,2023-08-02 22:41:38,73,3894.1600000000003,paypal,accepted
900,2021-11-19 11:47:37,2023-08-03 11:17:08,416,4710.9,paypal,accepted
901,2022-09-27 19:57:06,2023-08-04 15:19:54,308,2310.89,paypal,accepted
902,2023-06-02 03:23:59,2023-08-01 11:49:20,291,1461.1200000000001,paypal,delivered
903,2021-02-21 09:42:50,2023-08-04 02:59:07,379,2375.7200000000003,paypal,refunded
904,2020-07-12 07:10:38,2023-08-03 04:30:49,136,1290.4499999999998,credit_card,pending
905,2023-04-11 09:44:22,2023-08-03 05:16:07,323,2685.8899999999994,bank_transfer,pending
906,2022-11-03 16:49:46,2023-08-02 03:46:00,228,50.34,paypal,pending
907,2020-10-21 04:53:55,2023-08-01 10:20:46,487,2874.78,paypal,rejected
908,2022-09-02 22:14:32,2023-08-01 23:48:28,150,892.6,credit_card,pending
909,2022-05-04 08:48:34,2023-08-01 05:24:24,310,405.96,paypal,accepted
910,2023-03-24 05:36:37,2023-08-01 13:10:34,351,789.32,credit_card,delivered
911,2020-09-12 19:17:02,2023-08-01 14:04:26,311,2761.67,paypal,accepted
912,2021-02-04 09:24:17,2023-08-01 19:29:40,269,822.01,paypal,accepted
913,2023-02-14 12:36:28,2023-08-03 18:06:27,61,371.59999999999997,bank_transfer,accepted
914,2020-11-14 03:24:45,2023-08-04 00:21:05,43,331.24,paypal,accepted
915,2020-02-05 14:49:22,2023-08-02 04:18:29,429,3318.17,credit_card,delivered
916,2020-03-12 15:55:01,2023-08-03 21:24:21,354,3015.7999999999997,credit_card,accepted
917,2020-11-02 15:33:39,2023-08-03 07:39:05,342,445.6,credit_card,accepted
918,2020-11-21 07:00:04,2023-08-02 00:35:36,424,3891.79,bank_transfer,rejected
919,2022-07-31 08:58:24,2023-08-04 09:57:29,25,3425.18,paypal,pending
920,2021-09-07 06:14:37,2023-08-04 13:19:09,197,3413.7300000000005,credit_card,refunded
921,2020-11-24 19:00:09,2023-08-01 03:43:20,95,395.41,paypal,rejected
922,2023-03-06 08:41:52,2023-08-03 07:05:10,229,2093.46,paypal,pending
923,2023-03-14 17:47:30,2023-08-01 03:02:55,304,2946.39,bank_transfer,delivered
924,2022-10-27 01:13:22,2023-08-03 08:54:22,424,1190.82,paypal,pending
925,2021-07-29 14:16:50,2023-08-02 00:04:02,20,5224.08,paypal,rejected
926,2023-04-21 02:02:17,2023-08-01 10:46:15,131,1224.7,paypal,pending
927,2020-08-05 01:01:21,2023-08-01 19:28:05,345,2530.8,bank_transfer,rejected
928,2020-08-03 23:16:18,2023-08-04 14:51:27,102,2422.5,credit_card,delivered
929,2020-01-26 07:03:00,2023-08-03 23:33:23,173,4273.13,bank_transfer,rejected
930,2021-07-01 18:07:30,2023-08-02 06:15:53,269,1464.8300000000002,paypal,delivered
931,2021-02-07 05:41:17,2023-08-02 09:23:43,161,1563.96,credit_card,pending
932,2020-01-24 07:07:37,2023-08-02 10:59:22,319,4774.25,credit_card,pending
933,2021-08-20 22:57:48,2023-08-02 12:27:28,177,3698.2,credit_card,refunded
934,2020-01-13 05:37:54,2023-08-02 11:29:55,197,1494.9399999999998,credit_card,rejected
935,2020-12-13 06:49:23,2023-08-01 01:59:52,25,2849.82,paypal,refunded
936,2023-07-31 06:33:13,2023-08-04 15:38:28,123,352.16,paypal,pending
937,2022-03-15 14:12:31,2023-08-03 12:07:57,260,4612.3,bank_transfer,accepted
938,2022-02-23 18:22:10,2023-08-03 19:43:45,298,1826.79,paypal,rejected
939,2021-08-16 15:54:44,2023-08-03 14:54:35,401,3066.81,bank_transfer,rejected
940,2020-06-11 04:00:37,2023-08-03 17:32:33,180,1362.94,credit_card,accepted
941,2020-02-04 04:12:32,2023-08-02 04:03:52,211,3078.44,bank_transfer,pending
942,2022-03-16 00:42:52,2023-08-01 03:38:45,355,2459.59,credit_card,accepted
943,2023-01-16 16:53:24,2023-08-02 18:48:48,287,2471.34,bank_transfer,refunded
944,2023-07-14 20:22:04,2023-08-03 07:42:20,84,3270.5,bank_transfer,delivered
945,2022-06-18 06:18:50,2023-08-03 13:32:42,436,503.07,paypal,accepted
946,2023-03-31 06:30:38,2023-08-01 14:06:51,353,1956.37,paypal,delivered
947,2020-10-09 00:22:03,2023-08-03 07:22:03,148,780.42,credit_card,refunded
948,2020-03-18 18:48:01,2023-08-02 00:01:41,423,831.0,paypal,delivered
949,2021-02-09 04:23:30,2023-08-01 15:23:48,97,4742.330000000001,bank_transfer,delivered
950,2021-03-29 08:12:47,2023-08-01 23:25:02,314,3639.2999999999997,bank_transfer,delivered
951,2022-07-14 15:13:45,2023-08-02 08:41:20,405,3594.25,credit_card,pending
952,2023-06-27 04:41:32,2023-08-02 01:20:07,168,1669.1,paypal,accepted
953,2020-06-30 05:02:01,2023-08-04 01:58:14,222,1896.99,credit_card,refunded
954,2021-11-01 11:56:45,2023-08-01 05:29:55,318,2295.17,bank_transfer,rejected
955,2021-06-05 07:31:56,2023-08-01 20:51:13,110,1847.43,paypal,accepted
956,2023-08-04 15:30:44,2023-08-04 10:47:43,249,3071.1,paypal,pending
957,2020-08-02 22:02:16,2023-08-01 19:26:27,84,1280.51,paypal,rejected
958,2023-01-17 15:39:14,2023-08-04 08:06:11,462,2090.96,bank_transfer,pending
959,2020-10-26 16:46:29,2023-08-03 04:35:17,239,2094.4100000000003,bank_transfer,pending
960,2021-05-01 07:48:13,2023-08-03 01:10:14,11,1997.49,bank_transfer,accepted
961,2022-10-04 21:51:52,2023-08-02 16:03:05,270,621.0,bank_transfer,delivered
962,2022-04-02 02:13:25,2023-08-01 15:55:08,23,1971.38,paypal,delivered
963,2020-05-26 12:45:25,2023-08-03 02:32:29,379,1741.56,credit_card,rejected
964,2021-01-01 19:44:31,2023-08-02 17:57:31,154,2435.8199999999997,bank_transfer,accepted
965,2022-06-18 23:17:40,2023-08-01 07:47:00,165,2139.85,credit_card,refunded
966,2021-05-07 23:16:30,2023-08-01 15:05:28,175,256.76,bank_transfer,delivered
967,2021-03-09 22:57:18,2023-08-01 22:36:28,385,1190.22,paypal,pending
968,2021-11-28 05:04:02,2023-08-04 00:52:09,273,717.36,bank_transfer,refunded
969,2020-02-24 06:22:45,2023-08-03 15:47:36,141,2985.6400000000003,credit_card,rejected
970,2021-05-29 19:39:16,2023-08-03 08:16:37,445,4205.96,bank_transfer,delivered
971,2021-04-01 14:38:16,2023-08-01 03:51:17,90,1871.44,paypal,refunded
972,2020-08-19 14:52:54,2023-08-03 19:45:19,192,1850.9500000000003,bank_transfer,pending
973,2022-11-29 03:38:42,2023-08-03 21:04:50,50,1588.35,credit_card,accepted
974,2022-02-09 11:07:38,2023-08-02 07:24:49,256,892.6,paypal,delivered
975,2023-03-24 23:55:27,2023-08-01 18:00:08,499,2732.02,paypal,rejected
976,2021-11-07 04:46:51,2023-08-04 03:18:15,364,2176.62,paypal,delivered
977,2020-01-09 01:42:14,2023-08-03 13:47:37,396,165.2,paypal,rejected
978,2021-09-20 15:49:41,2023-08-01 04:57:27,229,1431.93,paypal,accepted
979,2021-11-09 23:24:14,2023-08-01 05:48:06,223,2857.74,bank_transfer,refunded
980,2020-12-25 10:39:17,2023-08-04 15:30:37,422,942.0600000000001,paypal,delivered
981,2022-06-29 14:20:32,2023-08-02 20:16:13,421,2044.38,bank_transfer,pending
982,2022-11-08 17:58:05,2023-08-02 13:14:52,110,2876.94,paypal,accepted
983,2021-08-05 22:59:39,2023-08-01 10:53:06,382,3952.4300000000003,bank_transfer,accepted
984,2021-06-15 02:42:45,2023-08-01 00:30:26,49,698.26,paypal,accepted
985,2020-07-19 18:05:14,2023-08-01 06:59:57,41,778.28,credit_card,refunded
986,2021-04-23 11:31:02,2023-08-04 14:28:31,328,101.25,bank_transfer,rejected
987,2020-02-15 23:47:23,2023-08-01 00:36:59,300,2102.3999999999996,bank_transfer,delivered
988,2020-12-19 10:53:42,2023-08-01 01:04:41,127,1295.34,paypal,pending
989,2022-11-10 19:15:02,2023-08-04 07:37:47,178,2961.4,paypal,delivered
990,2020-02-02 15:12:46,2023-08-01 13:40:10,217,208.91,bank_transfer,pending
991,2022-01-30 23:11:04,2023-08-04 14:30:47,59,1217.0,bank_transfer,refunded
992,2023-04-02 18:05:26,2023-08-01 07:27:17,381,243.6,credit_card,delivered
993,2021-10-21 08:09:45,2023-08-02 00:20:23,457,161.11,bank_transfer,rejected
994,2020-03-20 04:23:14,2023-08-02 07:30:19,110,889.6199999999999,credit_card,accepted
995,2020-08-01 04:35:54,2023-08-04 12:27:19,428,4958.59,bank_transfer,rejected
996,2020-01-15 01:51:36,2023-08-03 00:39:55,3,1729.9,paypal,rejected
997,2022-12-04 08:14:10,2023-08-04 10:18:37,169,3112.13,paypal,refunded
998,2021-10-18 06:45:04,2023-08-04 15:47:05,401,4257.139999999999,paypal,refunded
999,2020-03-21 15:44:23,2023-08-01 05:58:29,174,2651.2,paypal,rejected
1000,2020-11-06 13:00:52,2023-08-04 01:33:41,415,3449.08,credit_card,accepted
